,equity,QQQ
2023-10-03,10000.0,10000.0
2023-10-04,10000.0,10136.086665350247
2023-10-05,10000.0,10106.218013958118
2023-10-06,10000.0,10275.55328495699
2023-10-09,10024.736667698175,10327.958754238934
2023-10-10,10094.469230018607,10385.157374692897
2023-10-11,10179.98220403533,10459.257515435416
2023-10-12,10140.047173530817,10422.911420012793
2023-10-13,10072.826445679219,10291.896872304891
2023-10-16,10091.228290401607,10408.259996050743
2023-10-17,10091.228290401607,10374.167494966798
2023-10-18,10091.228290401607,10238.08170411959
2023-10-19,10091.228290401607,10142.286017413455
2023-10-20,10091.228290401607,9990.983873639208
2023-10-23,10091.228290401607,10021.131491501666
2023-10-24,10091.228290401607,10118.617592587574
2023-10-25,10091.228290401607,9870.953958639155
2023-10-26,10091.228290401607,9682.745162992502
2023-10-27,10091.228290401607,9729.233744693734
2023-10-30,10091.228290401607,9838.835210920515
2023-10-31,10091.228290401607,9885.887847083699
2023-11-01,10091.228290401607,10057.476712421249
2023-11-02,10091.228290401607,10240.051959472732
2023-11-03,10091.228290401607,10360.363464452237
2023-11-06,10032.509240400977,10402.62469844949
2023-11-07,10105.62511683685,10500.958192982884
2023-11-08,10027.319496269634,10507.719850501955
2023-11-09,9991.106337012427,10426.855428731238
2023-11-10,10146.72868614618,10661.27558861488
2023-11-13,10156.076546309532,10628.026982966254
2023-11-14,10308.606004783105,10856.812719751682
2023-11-15,10269.928463669257,10864.98320167107
2023-11-16,10251.728849805988,10874.281792514359
2023-11-17,10268.655409991761,10876.815227826406
2023-11-20,10291.232590454903,11009.240348940706
2023-11-21,10290.742640643293,10945.280945470713
2023-11-22,10126.605757388099,10990.080861798262
2023-11-24,10126.605757388099,10974.585542400891
2023-11-27,10126.605757388099,10965.007110584233
2023-11-28,10114.358065760474,10993.744155040295
2023-11-29,10071.364543241232,10983.037614299734
2023-11-30,10224.713404480543,10955.426055258447
2023-12-01,10339.337816467738,10986.700033038725
2023-12-04,10364.545414994522,10884.706743275465
2023-12-05,10310.589429096348,10912.035837834255
2023-12-06,10351.76131598511,10848.922078805666
2023-12-07,10396.68156904863,11000.505812559368
2023-12-08,10449.653480836772,11049.529578578735
2023-12-11,10739.131033196001,11143.91818989064
2023-12-12,10720.041219831242,11232.668880092166
2023-12-13,10850.263892310868,11375.521575476698
2023-12-14,10992.143130128952,11365.6598046745
2023-12-15,10941.400531632298,11420.601332777616
2023-12-18,10910.323119473735,11492.535329485636
2023-12-19,11069.254207976977,11551.258208741428
2023-12-20,10931.194863921106,11379.608128190952
2023-12-21,11020.35227955265,11512.014010238332
2023-12-22,10978.346059586467,11529.237347646265
2023-12-26,10984.69315143842,11599.815864639522
2023-12-27,10983.213042016561,11623.429195773771
2023-12-28,11021.174697072229,11617.77990612385
2023-12-29,11003.582723454838,11567.50035373648
2024-01-02,11170.410803562523,11371.752467366607
2024-01-03,11170.410803562523,11251.423472326263
2024-01-04,11170.410803562523,11193.519127917581
2024-01-05,11182.040482374614,11206.79233508578
2024-01-08,11228.00458098224,11438.416708744839
2024-01-09,11253.483206258756,11461.01211833845
2024-01-10,11149.755048915185,11538.690725527951
2024-01-11,11184.442548437113,11562.699332037088
2024-01-12,11242.746679309577,11568.630211666466
2024-01-16,11295.555842064194,11567.50035373648
2024-01-17,10958.804296705985,11502.250183776814
2024-01-18,10962.778720117893,11665.516403665708
2024-01-19,11225.488996273407,11896.855689333144
2024-01-22,11235.000351758215,11912.391235870437
2024-01-23,11281.800141074888,11961.823394810313
2024-01-24,11428.454411305787,12028.202548196923
2024-01-25,11411.294889176414,12042.889826783685
2024-01-26,11427.52549961153,11971.143848229649
2024-01-29,11560.538962614715,12093.734308136043
2024-01-30,11563.223793500054,12013.232805127667
2024-01-31,11463.70490226887,11777.937267699199
2024-02-01,11504.448659750524,11916.628203107879
2024-02-02,11531.454044470665,12118.026253630718
2024-02-05,11439.021134127455,12102.20736810789
2024-02-06,11582.551870575651,12077.915422613214
2024-02-07,11892.343694799994,12202.199794911545
2024-02-08,12153.585953737716,12224.797828014285
2024-02-09,11961.448465426016,12345.125948551587
2024-02-12,11842.56375875734,12296.825396547776
2024-02-13,11614.351350007204,12105.032887435891
2024-02-14,11614.351350007204,12236.94292625858
2024-02-15,11636.436525760191,12273.383468009717
2024-02-16,11483.006073991446,12162.091587403167
2024-02-20,11377.333795845936,12070.291505094941
2024-02-21,11435.352729980841,12021.986580575924
2024-02-22,11435.352729980841,12373.939074772285
2024-02-23,11412.911189434204,12337.500282027231
2024-02-26,11455.004136051644,12331.002724426777
2024-02-27,11430.147528667732,12360.664993101045
2024-02-28,11388.261094750109,12294.848145170303
2024-02-29,11468.39411196473,12400.209146147474
2024-03-01,11543.039407685117,12586.916420071384
2024-03-04,11520.030723335534,12542.00544185753
2024-03-05,11335.608460781466,12316.880374805009
2024-03-06,11441.881606265773,12394.27564300897
2024-03-07,11389.749182314303,12582.400486363611
2024-03-08,11378.22887262559,12400.773200609423
2024-03-11,11378.22887262559,12354.733238968625
2024-03-12,11346.564206738316,12531.835845984622
2024-03-13,11352.425690604481,12435.515457453417
2024-03-14,11330.915036831526,12404.164523405461
2024-03-15,11263.700644099821,12256.716314536357
2024-03-18,11324.409325296629,12373.61375964074
2024-03-19,11324.409325296629,12404.441740869706
2024-03-20,11324.409325296629,12551.518285946055
2024-03-21,11324.409325296629,12610.917156053143
2024-03-22,11286.923178168194,12625.338585715202
2024-03-25,11157.993281626023,12579.519873343976
2024-03-26,11119.0748006031,12538.791643178973
2024-03-27,11036.97521167712,12581.498873727533
2024-03-28,11022.915943477912,12558.307053059423
2024-04-01,11001.84121802547,12584.893694535736
2024-04-02,11001.84121802547,12476.283914758342
2024-04-03,11001.84121802547,12504.28462765322
2024-04-04,10950.37960619009,12313.085031603665
2024-04-05,11026.40151252286,12458.181701793414
2024-04-08,11002.708015730032,12461.860736090197
2024-04-09,11007.625213789206,12507.962787446964
2024-04-10,10951.12799489629,12398.78632969849
2024-04-11,10987.3708964644,12596.77206935229
2024-04-12,10860.320499196047,12395.958186861362
2024-04-15,10820.304336217345,12192.031948044725
2024-04-16,10820.304336217345,12193.163554980792
2024-04-17,10820.304336217345,12044.389599500344
2024-04-18,10820.304336217345,11975.65978193742
2024-04-19,10820.304336217345,11727.894705636156
2024-04-22,10835.080036173746,11845.83805637851
2024-04-23,10829.376658431465,12022.6118502508
2024-04-24,10866.14851630311,12063.340954918844
2024-04-25,10866.14851630311,12005.075440753904
2024-04-26,10897.182950926639,12190.33278863454
2024-04-29,10917.165379415786,12239.830535302552
2024-04-30,10915.504847020475,12009.035190527104
2024-05-01,10915.504847020475,11922.203159999252
2024-05-02,10915.504847020475,12074.36843827574
2024-05-03,10915.504847020475,12317.046530382946
2024-05-06,10915.504847020475,12451.95961265112
2024-05-07,10903.540838067725,12453.93948753772
2024-05-08,10937.123465446488,12446.58579145936
2024-05-09,10899.197265949797,12473.736487397624
2024-05-10,11002.468180846314,12503.153020717153
2024-05-13,11086.03383524676,12532.002876065604
2024-05-14,11066.686518600345,12612.610193942037
2024-05-15,11205.819053265262,12809.750289154432
2024-05-16,11186.480806634854,12783.729451146151
2024-05-17,11142.717013480944,12777.508236506897
2024-05-20,11302.2518820798,12866.601731900804
2024-05-21,11202.654434577085,12891.772552952472
2024-05-22,11343.260346866638,12889.22774910088
2024-05-23,11219.548847199787,12831.247322927564
2024-05-24,11282.936459306375,12952.584619975083
2024-05-28,11285.54367497775,13001.513939665936
2024-05-29,11246.539558609664,12909.875640420441
2024-05-30,11246.539558609664,12771.567737344061
2024-05-31,11246.539558609664,12747.810113207915
2024-06-03,11246.539558609664,12816.255717282262
2024-06-04,11246.539558609664,12851.326787269963
2024-06-05,11250.812159961517,13110.407058428873
2024-06-06,11106.107061408178,13105.882379690682
2024-06-07,11128.490778096437,13094.284720350543
2024-06-10,11132.790550996968,13147.175538820677
2024-06-11,11277.175310205428,13237.402390156734
2024-06-12,11506.220610497297,13410.780488717774
2024-06-13,11471.921773186721,13483.471805059979
2024-06-14,11489.876803973886,13553.333229558973
2024-06-17,11624.846804739467,13719.35763204165
2024-06-18,11814.902999280868,13723.60159530343
2024-06-20,11844.868773956956,13617.819083860119
2024-06-21,11817.536847089508,13581.333942453854
2024-06-24,11768.770407982563,13426.71480864212
2024-06-25,11742.188201925472,13580.256554706373
2024-06-26,11628.997950057652,13608.302741759426
2024-06-27,11716.913204117809,13643.42803093572
2024-06-28,11676.023006441903,13572.608151102932
2024-07-01,11622.329643074123,13652.211539487398
2024-07-02,11679.484871235414,13795.55658008445
2024-07-03,11697.98523014138,13910.572094642917
2024-07-05,11649.773006693646,14055.614545644075
2024-07-08,11667.99167930547,14089.04067541018
2024-07-09,11604.97709629123,14101.224251788315
2024-07-10,11676.030763069783,14248.250075688238
2024-07-11,11613.903818528586,13935.784017337546
2024-07-12,11753.448583805213,14017.654117606317
2024-07-15,11730.403672524779,14055.330332155494
2024-07-16,11953.926903868307,14060.712023874634
2024-07-17,11741.526745947052,13647.96232920737
2024-07-18,11704.250587516304,13583.373283547293
2024-07-19,11666.953024078943,13462.975202766647
2024-07-22,11695.224636182033,13663.545098908919
2024-07-23,11622.22308004101,13615.385341894835
2024-07-24,11499.870768457175,13126.996381131512
2024-07-25,11434.423758522727,12982.236394612852
2024-07-26,11434.423758522727,13115.38210623358
2024-07-29,11434.423758522727,13141.726510367322
2024-07-30,11434.423758522727,12961.27455670129
2024-07-31,11434.423758522727,13344.843833870307
2024-08-01,11363.558564433748,13021.613517578298
2024-08-02,11369.161750047475,12712.546652551022
2024-08-05,11265.569029468572,12333.507301138447
2024-08-06,11265.569029468572,12451.354456546207
2024-08-07,11265.569029468572,12316.508711012248
2024-08-08,11265.569029468572,12693.283099546607
2024-08-09,11265.569029468572,12759.570430113827
2024-08-12,11218.005486126658,12787.051688201887
2024-08-13,11278.19387708619,13104.33276030064
2024-08-14,11295.058286140616,13108.582845083709
2024-08-15,11292.198788039545,13439.746652970784
2024-08-16,11421.08120982294,13457.025958573391
2024-08-19,11530.34590289812,13633.798003439595
2024-08-20,11443.169589586112,13605.187761924593
2024-08-21,11465.455087347156,13668.643451642518
2024-08-22,11299.603044249841,13451.928480342835
2024-08-23,11503.148368325488,13597.819199294521
2024-08-26,11490.336687484676,13465.807718118986
2024-08-27,11465.672866280169,13506.03660704713
2024-08-28,11499.508221728025,13352.777325465371
2024-08-29,11509.542005304489,13333.230433475415
2024-08-30,11531.219554193756,13492.15387125881
2024-09-03,11531.219554193756,13082.520905432464
2024-09-04,11605.46376340825,13048.525474186157
2024-09-05,11530.706880957414,13060.706427055164
2024-09-06,11468.157287485683,12710.846618637794
2024-09-09,11480.230831836025,12874.303480189796
2024-09-10,11480.230831836025,12993.28486604275
2024-09-11,11480.230831836025,13275.438899959127
2024-09-12,11732.348559830501,13405.752970730558
2024-09-13,11892.469352962342,13465.807718118986
2024-09-16,11631.25656548253,13406.31789969555
2024-09-17,11541.242645990576,13413.403123340084
2024-09-18,11535.82820487563,13355.326501832173
2024-09-19,11638.294341240806,13693.005357380534
2024-09-20,11628.196535928324,13666.94341772929
2024-09-23,11796.210729760542,13703.168831732146
2024-09-24,11782.487689018695,13769.269018648427
2024-09-25,11783.97501265509,13782.03501405239
2024-09-26,11726.956338900869,13885.580546714815
2024-09-27,11734.69538154544,13808.417021816927
2024-09-30,11734.69538154544,13845.864116569157
2024-10-01,11744.361175103935,13652.955741575955
2024-10-02,11772.638089608357,13672.24815318075
2024-10-03,11770.14080569124,13662.035706658799
2024-10-04,11770.14080569124,13824.586583059512
2024-10-07,11729.15161379724,13676.50261047903
2024-10-08,11822.405883136798,13880.757662439379
2024-10-09,11880.66943771929,13989.976096333856
2024-10-10,11962.79870341526,13974.088999573769
2024-10-11,12043.000806435895,13995.933211054487
2024-10-14,12103.384230629184,14113.379844069112
2024-10-15,12209.174736446521,13924.729424386358
2024-10-16,12216.597422620602,13926.43208180871
2024-10-17,12228.91102398318,13936.075226850462
2024-10-18,12261.954145234253,14027.423191086085
2024-10-21,12234.798446281584,14054.373625827782
2024-10-22,12170.392114686867,14069.692295610712
2024-10-23,12041.943289370667,13854.089692180176
2024-10-24,12099.737808647667,13966.430101933824
2024-10-25,12218.597324781636,14051.535863457195
2024-10-28,12141.607928968613,14053.806073353666
2024-10-29,12146.10852814651,14188.839837041605
2024-10-30,12022.789656356545,14081.608274058059
2024-10-31,11954.96042989898,13726.148148161104
2024-11-01,11932.970203324741,13827.706809912597
2024-11-04,11886.872309487035,13787.425450801944
2024-11-05,12085.315629831195,13963.309000577698
2024-11-06,12258.738990439748,14342.598459860223
2024-11-07,12427.89781928025,14568.410011800543
2024-11-08,12541.443318338821,14585.433962514951
2024-11-11,12739.378830135833,14576.921549906228
2024-11-12,13086.23509360705,14550.538667638648
2024-11-13,13006.890232103156,14531.816432017094
2024-11-14,12874.68261653004,14430.824448236679
2024-11-15,12776.088425618942,14086.997836304574
2024-11-18,12776.088425618942,14184.867844225824
2024-11-19,12776.088425618942,14282.456262167618
2024-11-20,12806.370823506604,14274.230686556597
2024-11-21,12957.837119277023,14325.57713265494
2024-11-22,12927.689967211425,14348.556449083899
2024-11-25,12953.035547251264,14371.248928515148
2024-11-26,12988.298965001904,14448.412453413037
2024-11-27,12875.896441530535,14334.653599725616
2024-11-29,12918.770162515933,14460.610021839839
2024-12-02,12926.761683325163,14618.054674979578
2024-12-03,12848.27673429032,14662.88170090142
2024-12-04,12865.01402779147,14844.153938420643
2024-12-05,12836.88817617188,14803.019064341212
2024-12-06,13123.78104377575,14935.499279147141
2024-12-09,13077.559156043952,14819.188625583796
2024-12-10,12933.176605401888,14768.694819951192
2024-12-11,13105.760888865929,15033.086822585896
2024-12-12,13025.558802911337,14936.069455130386
2024-12-13,13011.705787030996,15050.394986788882
2024-12-16,12933.814339886967,15267.131820664612
2024-12-17,12776.51759839314,15199.896528800096
2024-12-18,12638.476677891063,14651.53327492819
2024-12-19,12638.476677891063,14586.282230465482
2024-12-20,12638.476677891063,14713.658845519562
2024-12-23,12687.058036133418,14857.009133134869
2024-12-24,12767.929618261041,15058.468398870633
2024-12-26,12776.166731439378,15048.238462287844
2024-12-27,12776.166731439378,14848.202887504103
2024-12-30,12753.164505678955,14650.719987099332
2024-12-31,12753.164505678955,14526.26858472002
2025-01-02,12753.164505678955,14497.853357383332
2025-01-03,12753.164505678955,14735.112154140606
2025-01-06,12909.933265772659,14904.459668182064
2025-01-07,12645.033833523043,14638.500556096486
2025-01-08,12621.04822972406,14641.061101002828
2025-01-10,12558.344286129533,14411.473444928084
2025-01-13,12546.366529083765,14365.158014829123
2025-01-14,12546.366529083765,14351.51839088642
2025-01-15,12546.366529083765,14681.69575934236
2025-01-16,12600.32670668785,14578.834088058607
2025-01-17,12655.30610188216,14824.900879452729
2025-01-21,12645.23986210684,14911.850967891223
2025-01-22,12693.74306427234,15102.50837205487
2025-01-23,12927.804230736867,15134.618374743091
2025-01-24,12854.15402794827,15049.091977256623
2025-01-27,12325.365240633262,14610.942341740747
2025-01-28,12242.847436949085,14826.891248375829
2025-01-29,12184.18696891313,14799.045322519347
2025-01-30,12298.28260577837,14862.124975929302
2025-01-31,12188.539089164142,14840.52999781549
2025-02-03,12244.651936555207,14721.758492692565
2025-02-04,12388.61260965496,14902.474546277213
2025-02-05,12661.410324389628,14970.098117492284
2025-02-06,12668.991732523185,15048.238462287844
2025-02-07,12481.061967320678,14858.429326074725
2025-02-10,12447.279749342168,15038.29536270276
2025-02-11,12464.482029676175,15002.489710159958
2025-02-12,12464.836316610956,15011.29945380289
2025-02-13,12484.93570378593,15227.250983947099
2025-02-14,12836.07170483759,15291.18065431367
2025-02-18,12887.717037701696,15325.845954889985
2025-02-19,12933.012145513356,15330.10828271564
2025-02-20,13084.427559116797,15265.038260382582
2025-02-21,12980.7048596268,14948.219800392932
2025-02-24,13059.750580045345,14771.76782364002
2025-02-25,13054.472590881276,14585.654337281481
2025-02-26,13015.451255717882,14620.88456682279
2025-02-27,12948.281407142073,14214.845808498176
2025-02-28,12948.281407142073,14439.319370784568
2025-03-03,12973.264811476203,14123.350927751533
2025-03-04,13014.278036627755,14080.73027300411
2025-03-05,13014.278036627755,14264.286712468473
2025-03-06,13014.278036627755,13871.884080074395
2025-03-07,13014.278036627755,13973.893110892408
2025-03-10,13014.278036627755,13432.316000624744
2025-03-11,13014.278036627755,13400.205123433481
2025-03-12,13014.278036627755,13551.370844733208
2025-03-13,13014.278036627755,13307.576012241645
2025-03-14,13014.278036627755,13629.225227034107
2025-03-17,13014.278036627755,13717.593759406373
2025-03-18,13014.278036627755,13483.745524512058
2025-03-19,13014.278036627755,13664.175615602044
2025-03-20,13014.278036627755,13617.860185503083
2025-03-21,13014.278036627755,13662.754548159144
2025-03-24,13014.278036627755,13962.574418022597
2025-03-25,13014.278036627755,14042.253013668658
2025-03-26,13014.278036627755,13783.866223421886
2025-03-27,13014.278036627755,13705.326230736227
2025-03-28,13014.278036627755,13344.495781659678
2025-03-31,13014.278036627755,13343.924731173393
2025-04-01,13014.278036627755,13451.492977828026
2025-04-02,13014.278036627755,13549.666438304772
2025-04-03,13014.278036627755,12824.305517781882
2025-04-04,13014.278036627755,12027.802025803787
2025-04-07,13014.278036627755,12056.827656263638
2025-04-08,13014.278036627755,11839.703417540397
2025-04-09,13014.278036627755,13260.83207565221
2025-04-10,13014.278036627755,12696.819589847579
2025-04-11,13014.278036627755,12930.733412470028
2025-04-14,13014.278036627755,13018.381354335865
2025-04-15,13014.278036627755,13032.89373231427
2025-04-16,13014.278036627755,12639.90605738524
2025-04-17,13014.278036627755,12637.629725967476
2025-04-21,13014.278036627755,12324.889073661665
2025-04-22,13014.278036627755,12648.442081576093
2025-04-23,13014.278036627755,12935.286075305556
2025-04-24,13014.278036627755,13299.249868780818
2025-04-25,13014.278036627755,13447.508741969657
2025-04-28,13014.278036627755,13443.239418119669
2025-04-29,13014.278036627755,13532.024213939823
2025-04-30,13014.278036627755,13530.31630949922
2025-05-01,13014.278036627755,13707.031511667707
2025-05-02,13014.278036627755,13910.498636387407
2025-05-05,13014.278036627755,13827.97353334034
2025-05-06,13014.278036627755,13699.349876948676
2025-05-07,13014.278036627755,13753.13268852143
2025-05-08,13014.278036627755,13895.13186893718
2025-05-09,13014.278036627755,13886.026543266125
2025-05-12,13014.278036627755,14451.746059008317
2025-05-13,13165.923100291246,14672.001018621144
2025-05-14,13226.452115950273,14759.930550466433
2025-05-15,13195.628182121805,14776.149083879358
2025-05-16,13234.693703322799,14840.467033596482
2025-05-19,13249.082782277146,14854.691700074141
2025-05-20,13276.817159683567,14805.17908685442
2025-05-21,13159.957466239302,14599.436505219996
2025-05-22,13134.932316429953,14626.755105742284
2025-05-23,13134.932316429953,14491.300706091246
2025-05-27,13134.932316429953,14832.211724882043
2025-05-28,13107.616728819283,14766.475331231144
2025-05-29,13033.422607362756,14795.501836194037
2025-05-30,13140.75230828078,14772.168346033159
2025-06-02,13214.727260833799,14888.841043855802
2025-06-03,13210.711023887712,15005.228653686827
2025-06-04,13285.01221920595,15047.063130199685
2025-06-05,13172.12814002284,14933.800994239999
2025-06-06,12709.988926556067,15079.783536011073
2025-06-09,12709.988926556067,15101.980172217633
2025-06-10,12998.453012447582,15201.865909650194
2025-06-11,12996.241233968805,15150.641019474657
2025-06-12,12994.159788239493,15186.21230520226
2025-06-13,12892.121745581218,14995.553152032528
2025-06-16,12921.068485405734,15204.141366564916
2025-06-17,12921.111831438226,15055.881618873034
2025-06-18,13057.38171385348,15053.321073966692
2025-06-20,13009.535221155955,14991.854004165783
2025-06-23,13081.975749211926,15146.007902359286
2025-06-24,13127.740271467614,15377.620032975761
2025-06-25,13082.9588919934,15416.932442716115
2025-06-26,13153.926922040246,15561.085524123779
2025-06-27,13097.204609420403,15614.360249429255
2025-06-30,13144.03945126095,15715.496526211567
2025-07-01,12886.884579250222,15583.02330742997
2025-07-02,12917.60018813646,15691.564875970107
2025-07-03,12962.156260635562,15845.97238004573
2025-07-07,12947.97356308281,15726.60621285439
2025-07-08,12951.600491126446,15735.438693576407
2025-07-09,12846.29918219865,15846.827644020594
2025-07-10,12956.349983063425,15824.036345745622
2025-07-11,12902.537713284655,15788.424832878096
2025-07-14,12868.114246175854,15845.689041060192
2025-07-15,12820.525510615073,15860.216285590308
2025-07-16,12820.525510615073,15876.457556082318
2025-07-17,12996.903521589586,16004.937793975128
2025-07-18,12996.903521589586,15989.55528547015
2025-07-21,13047.398771591823,16072.458173831266
2025-07-22,12995.040896641874,15989.273695490696
2025-07-23,13006.769482820635,16062.202002157224
2025-07-24,13120.49102988307,16096.389824072725
2025-07-25,13332.416051657341,16135.13380683592
2025-07-28,13337.296624227478,16185.559401231265
2025-07-29,13563.849184529065,16160.489148029405
2025-07-30,13723.081094946363,16182.140094337892
2025-07-31,13635.626129535261,16096.389824072725
2025-08-01,13355.88756928207,15779.309013170541
2025-08-04,13391.24932640714,16070.464306896
2025-08-05,13231.181831799167,15961.352562372616
2025-08-06,13267.4348461527,16162.199675979133
2025-08-07,13453.833692149557,16216.896343230552
2025-08-08,13582.727769929093,16368.16962840442
2025-08-11,13585.533594810206,16319.739649950425
2025-08-12,13731.890083459475,16524.85783641301
2025-08-13,13522.46830412591,16533.121890157872
2025-08-14,13655.858601707858,16520.299926559233
2025-08-15,13556.470278002078,16447.654958878244
2025-08-18,13553.689496847961,16441.1031820892
2025-08-19,13586.887319054249,16218.034946190954
2025-08-20,13523.847273642847,16121.745165266208
2025-08-21,13720.613884432047,16047.104581643867
2025-08-22,13939.835917009068,16294.669396748563
2025-08-25,13872.318126770599,16247.664858252678
2025-08-26,13796.484950652655,16312.901036163674
2025-08-27,13710.283472882431,16337.97303837162
2025-08-28,13832.08669955146,16440.247918114335
2025-08-29,13661.69414238615,16249.943813179565
2025-09-02,13642.734369398524,16113.767948519055
2025-09-03,13582.424681312925,16240.541156474304
2025-09-04,13477.60282899825,16387.541619786018
2025-09-05,13347.478693531646,16411.188182035854
2025-09-08,13427.740651496826,16491.241939486838
2025-09-09,13500.58060297382,16537.963138997187
2025-09-10,13359.250399018987,16543.37631282583
2025-09-11,13516.775007844832,16639.66784275666
2025-09-12,13669.078633228362,16713.16807441251
2025-09-15,13622.509061160552,16856.182552859773
2025-09-16,13526.879547388085,16841.93514930303
2025-09-17,13471.975353113337,16808.32100138294
2025-09-18,13385.314785519893,16959.882872560596
2025-09-19,13345.996702697195,17074.691129898158
2025-09-22,13495.536653470343,17175.771438485794
2025-09-23,13164.91351887789,17061.685520660747
2025-09-24,13203.951026928942,17001.789058322884
2025-09-25,13177.72137481756,16928.489962366635
2025-09-26,13212.617806293505,16998.079416419634
2025-09-29,13243.461470913388,17076.80043123494
2025-09-30,13329.376703963904,17123.577598939963
2025-10-01,13223.711481388804,17205.717920648643
2025-10-02,13294.12966773894,17276.451224680295
2025-10-03,13185.383004177702,17203.72230470729
2025-10-06,13159.045238749117,17332.926631118702
2025-10-07,13002.048905131245,17241.656497653796
2025-10-08,13212.674997432316,17439.3116751578
2025-10-09,13140.158040502865,17418.206418747388
2025-10-10,13149.094388372328,16813.545282554554
2025-10-13,13180.391766412607,17170.351268632818
2025-10-14,13249.272489832125,17055.98026281615
2025-10-15,13443.139760457192,17176.34336347512
2025-10-16,13395.778640802168,17112.739008240093
2025-10-17,13378.864108532107,17225.112649109327
2025-10-20,13433.537536503625,17442.162555074014
2025-10-21,13486.982917621208,17437.602896214154
2025-10-22,13222.75850441097,17269.607363875293
2025-10-23,13356.754155332108,17414.78186483576
2025-10-24,13436.875207256286,17600.741438658948
2025-10-27,13627.043574624508,17914.20005796206
2025-10-28,13643.668506084543,18051.957024122115
2025-10-29,13500.945324306307,18133.2455798681
2025-10-30,13272.282614646307,17856.012374567843
2025-10-31,13224.761264237437,17942.15092418356
2025-11-03,13123.242545192341,18027.999138789404
2025-11-04,12791.260174360279,17662.066838967086
2025-11-05,12725.71202320989,17777.00976977308
2025-11-06,12736.921275258197,17445.873945983345
2025-11-07,12616.483804232781,17390.823979503046
2025-11-10,12638.393278525877,17775.582580808892
2025-11-11,12560.074210159044,17728.236986126707
2025-11-12,12438.54426067455,17714.262427519
2025-11-13,12388.075208134967,17352.604698564923
2025-11-14,12356.82592583526,17365.72749120993
2025-11-17,12417.309001228683,17217.413524329462
2025-11-18,12461.296115942972,17007.77765515302
2025-11-19,12461.296115942972,17109.31620333455
2025-11-20,12461.296115942972,16704.307609593157
2025-11-21,12461.296115942972,16829.80229410132
2025-11-24,12461.296115942972,17260.19421313353
2025-11-25,12517.932406807011,17366.582755184798
2025-11-26,12596.354314331837,17520.028305914457
2025-11-28,12692.413659469554,17662.066838967086
2025-12-01,12689.108440329464,17602.740552612464
2025-12-02,13010.478557384697,17740.499267778603
2025-12-03,13281.395750972391,17783.855379584165
2025-12-04,13266.12540895887,17767.311531039697
2025-12-05,13271.659506693064,17839.757112027164
2025-12-08,12936.7274998726,17805.530811977824
2025-12-09,12964.325132902602,17827.489583357015
2025-12-10,12994.682450634062,17900.508838339894
2025-12-11,12926.658657334507,17842.60974094946
2025-12-12,12961.364319163296,17501.49059043472
2025-12-15,12971.695909712576,17413.641512869275
2025-12-16,12971.695909712576,17448.152900910234
2025-12-17,12971.695909712576,17124.716201900366
2025-12-18,12971.695909712576,17372.854691000473
2025-12-19,12937.42146734529,17599.317747706922
2025-12-22,13008.135005371128,17683.679307141734
2025-12-23,13041.052086729764,17766.49824321084
2025-12-24,13063.156326940962,17818.476955008395
2025-12-26,13062.237363080352,17817.33310502974
2025-12-29,13048.628265019668,17731.08611703684
2025-12-30,13031.045805953554,17689.961736993908
2025-12-31,13031.045805953554,17543.743079401553
2026-01-02,13031.045805953554,17509.759891197828
2026-01-05,13031.045805953554,17648.83735695098
2026-01-06,13115.61155997948,17803.91123234444
2026-01-07,13186.251417812095,17821.047993951237
2026-01-08,13084.41178605512,17719.66335830506
2026-01-09,13026.531556389078,17896.15556219789
2026-01-12,13091.624241641113,17911.004623847384
2026-01-13,13115.75175186543,17884.445966468404
2026-01-14,13126.092807763556,17693.389788917702
2026-01-15,12976.715952192968,17757.07634743866
2026-01-16,13018.117476227826,17742.225536783084
2026-01-20,12989.203557968141,17365.253510561284
2026-01-21,12962.489820786532,17600.00335809168
2026-01-22,12930.335743399903,17727.944902110754
2026-01-23,12847.557582465566,17783.920092809258
2026-01-26,12870.240775653492,17862.170624988084
2026-01-27,12832.74297702925,18024.097106216966
2026-01-28,12898.693952285455,18083.7836878248
2026-01-29,12813.730031455229,17975.548195349285
2026-01-30,12869.264914990685,17759.64563737542
2026-02-02,12875.679653771824,17881.59158854002
2026-02-03,12894.68634839098,17606.857712933182
2026-02-04,12932.33985021408,17299.28275009519
2026-02-05,12932.33985021408,17050.255765904632
2026-02-06,12932.33985021408,17410.661206502875
2026-02-09,12932.33985021408,17544.029916399257
2026-02-10,13062.162430209159,17462.63642028826
2026-02-11,13165.61178185972,17509.473054200123
2026-02-12,13085.902767252936,17153.349180494453
2026-02-13,13165.890523155507,17189.905156647106
2026-02-17,13165.890523155507,17172.19647005098
2026-02-18,13165.890523155507,17300.42485106776
2026-02-19,13165.890523155507,17234.169002610044
2026-02-20,13165.890523155507,17386.67183906066
2026-02-23,13165.890523155507,17175.33768497707
2026-02-24,13165.890523155507,17359.826344683974
2026-02-25,13165.890523155507,17611.426116823463
2026-02-26,12840.518006626375,17398.951610773387
2026-02-27,12840.518006626375,17343.261508066502
2026-03-02,12840.518006626375,17366.110523542233
2026-03-03,12840.518006626375,17180.194674871138
2026-03-04,12840.518006626375,17442.075104769836
2026-03-05,12840.518006626375,17389.52621698904
2026-03-06,12840.518006626375,17127.932624088047
2026-03-09,12840.518006626375,17356.685129757887
2026-03-10,12840.518006626375,17356.97196675559
2026-03-11,12840.518006626375,17354.686015804367
2026-03-12,12840.518006626375,17056.82328374843
2026-03-13,12840.518006626375,16955.72373609387
2026-03-16,12840.518006626375,17145.92464966971
2026-03-17,12840.518006626375,17229.600598719764
2026-03-18,12828.633337400855,16989.42533431814
2026-03-19,12655.905725354836,16935.734345564775
2026-03-20,12655.905725354836,16622.733965855554
2026-03-23,12655.905725354836,16813.545282554554
2026-03-24,12655.905725354836,16698.593606718143
2026-03-25,12655.905725354836,16808.397957650617
2026-03-26,12655.905725354836,16407.21618922007
2026-03-27,12655.905725354836,16086.674095278506
2026-03-30,12655.905725354836,15963.717218597601
2026-03-31,12655.905725354836,16504.151353389654
2026-04-01,12655.905725354836,16708.031243545072
2026-04-02,12655.905725354836,16727.188107178394
2026-04-06,12655.905725354836,16827.84165828164
2026-04-07,12655.905725354836,16830.416195236652
2026-04-08,12655.905725354836,17330.819078788
2026-04-09,12843.687241253552,17448.05670557564
2026-04-10,12885.444137904124,17473.21965609993
2026-04-13,12979.19926954391,17653.935709684578
2026-04-14,12979.19926954391,17974.477803626145
2026-04-15,12979.19926954391,18226.11080688122
2026-04-16,12979.19926954391,18313.895171221575
2026-04-17,12976.054177672086,18553.516000694704
2026-04-20,12945.668500532553,18494.611224806224
2026-04-21,12909.75872362624,18424.26969813729
2026-04-22,12909.75872362624,18732.51977732354
2026-04-23,12870.00950718229,18627.003989307974
2026-04-24,12892.644584992886,18983.2922695855
2026-04-27,12816.000709306807,18993.300082395675
2026-04-28,12761.421606916061,18802.28937900315
2026-04-29,12761.421606916061,18917.23930583348
2026-04-30,12680.630799391889,19093.665047495135
2026-05-01,12676.975135248254,19276.95738704088
2026-05-04,12641.620314531352,19240.64277372776
2026-05-05,12724.86802404424,19490.271416011066
2026-05-06,12760.630633812278,19895.169822369193
2026-05-07,12588.443639323144,19871.435809815175
2026-05-08,12740.586233067439,20337.239855021387
2026-05-11,12801.101511329205,20396.142881903786
2026-05-12,12667.599341830102,20223.146941172003
2026-05-13,12858.59155061908,20436.749556145984
2026-05-14,12643.684105504373,20582.008009398458
2026-05-15,12548.58853241536,20271.473728267072
2026-05-18,12548.58853241536,20184.259539909955
2026-05-19,12478.665042379847,20059.87547426486
2026-05-20,12462.341319152289,20392.142904990666
2026-05-21,12462.341319152289,20431.030306252716
2026-05-22,12462.341319152289,20517.670820614414
2026-05-26,12443.266580458372,20881.966050742514
2026-05-27,12427.301250601833,20858.232038188497
2026-05-28,12400.31709136933,21034.08585486083
2026-05-29,12231.806464457739,21111.577318399388
2026-06-01,12226.825513672207,21238.252582013956
2026-06-02,12415.662375286829,21336.043010158402
2026-06-03,12415.662375286829,21280.286445220343
2026-06-04,12415.662375286829,21177.345194159785
2026-06-05,12389.009962557739,20160.81236435365
2026-06-08,12424.935190149574,20475.63695740803
2026-06-09,12472.79227219631,20240.0178538541
2026-06-10,12331.617739744855,19835.693121491386
2026-06-11,12676.927128495416,20505.660395838557
2026-06-12,12704.438488062855,20626.329572562154
2026-06-15,12824.868845657413,21274.28035832937
2026-06-16,12527.926406023897,20869.95387696057
2026-06-17,12526.090467908318,20659.784560928638
2026-06-18,12526.090467908318,21177.632031157496
2026-06-22,12626.671111024481,21124.47274025353
2026-06-23,12438.000470430838,20428.865036721254
2026-06-24,12398.962749454464,20342.12832702496
2026-06-25,12398.962749454464,20507.012377541152
2026-06-26,12398.962749454464,20224.76302279322
2026-06-29,12436.569139601615,20727.43261822888
2026-06-30,12346.318229762826,21080.103953925583
2026-07-01,12491.701733485193,20758.633137753644
2026-07-02,12379.966064499165,20398.80661816906
2026-07-06,12368.359228660525,20691.364614773538
2026-07-07,12348.202887206198,20308.06293553531
2026-07-08,12373.82120656549,20365.60173767252
2026-07-09,12373.82120656549,20704.53288157672
2026-07-10,12373.82120656549,20768.36810561478
2026-07-13,12373.82120656549,20374.18760853676
2026-07-14,12373.82120656549,20601.76478211844
2026-07-15,12373.82120656549,20545.943503955288
2026-07-16,12334.619305006729,20208.157959035827
2026-07-17,12327.076944924316,19904.43780560602
2026-07-20,12274.844536725157,19925.334930292487
2026-07-21,12274.844536725157,20294.894668732126
2026-07-22,12274.844536725157,20191.26780728681
2026-07-23,12275.586760143311,19807.969626060752
2026-07-24,12310.565701311683,19586.690623385995
2026-07-27,12336.856845739663,19526.29044729606
2026-07-28,12336.856845739663,19336.500550149864
2026-07-29,12336.856845739663,18942.606890069546
2026-07-30,12336.856845739663,19567.224185675885
2026-07-31,12336.856845739663,19694.324457768762
2026-08-03,12336.856845739663,20040.125697569216
2026-08-04,12336.856845739663,20720.847610324243
2026-08-05,12304.883411222374,20533.348911147517
2026-08-06,12166.540661173109,20457.491019291014
2026-08-07,12338.728346908429,20697.375948682762
2026-08-10,12469.784918614017,20635.543336610386
2026-08-11,12404.989151404809,20566.26870365243
2026-08-12,12190.240513996894,20716.55554939517
2026-08-13,12276.141075011254,20956.153641789213
2026-08-14,12276.141075011254,20927.527659219457
2026-08-17,12276.141075011254,20893.175430732103
2026-08-18,12276.141075011254,20539.36024505674
2026-08-19,12276.141075011254,20498.424757670833
2026-08-20,12276.141075011254,20351.0010348869
2026-08-21,12276.141075011254,20422.853702812037
2026-08-24,12288.465499464013,20219.036776875622
2026-08-25,12262.255196722203,20344.989700977676
2026-08-26,12255.405936162308,20363.597376700756
2026-08-27,12255.405936162308,20642.413432506644
2026-08-28,12037.871767900057,20508.444813523594
2026-08-31,12117.495588387677,20517.891195380944
2026-09-01,11781.73679808644,20256.82230430502
2026-09-02,11735.554960983241,20302.623526615414
2026-09-03,11728.340673977618,20543.939142983523
2026-09-04,11666.236037876512,20580.867657431972
2026-09-08,11578.126520649543,20563.692417691338
2026-09-09,11578.126520649543,20505.00976557547
2026-09-10,11578.126520649543,20286.880722857215
2026-09-11,11578.126520649543,20464.07427818956
2026-09-14,11578.126520649543,20300.906002641346
2026-09-15,11578.126520649543,20168.081233636953
2026-09-16,11578.126520649543,20173.233805559146
2026-09-17,11578.126520649543,20522.470093307726
2026-09-18,11616.747401391201,20652.146651361698
2026-09-21,11821.150391862051,21247.352660666762
2026-09-22,11946.724287525825,21419.001866714192
2026-09-23,11900.903043590959,21239.903643756843
2026-09-24,11855.692443341093,21236.750185788173
2026-09-25,11857.023639642905,21334.180318679402
2026-09-28,11736.791364868357,21105.795104287114
2026-09-29,11761.067906747183,21145.91205682591
2026-09-30,11716.713182502952,21198.639343227227
2026-10-01,11672.098768404241,21263.40154048958
2026-10-02,11764.698784592056,21479.75184402084
