ticker,entry_date,exit_date,entry,exit,ret_pct,pnl,days,reason
VRTX,2023-10-09,2023-10-09,361.43673322143553,354.341982035327,-1.962930309510591,-49.07325773776489,1,stop
CRWD,2023-10-09,2023-10-11,44.151475,46.3412906296629,4.959779100614203,123.99447751535496,3,hedef
ZS,2023-10-10,2023-10-12,169.12141627502442,170.54760390014647,0.8432921486435596,21.195037012737483,3,zaman
SNPS,2023-10-11,2023-10-13,490.5741667785644,489.3762114196777,-0.24419454590388634,-6.210915985887433,3,zaman
CDNS,2023-10-11,2023-10-13,250.47019932861326,250.09984999999998,-0.1478616336817784,-3.5399983389370013,3,zaman
CTAS,2023-10-12,2023-10-16,125.499579698822,125.74024542236327,0.19176615899338945,4.8629479361017705,3,zaman
GILD,2023-11-06,2023-11-08,74.34853352383425,70.45866799889848,-5.2319330867350295,-131.99157794587188,3,gap-stop
PLTR,2023-11-06,2023-11-08,18.995840056228634,18.47890577125549,-2.721302577001028,-46.27638328732254,3,zaman
ROP,2023-11-06,2023-11-08,494.32014769276685,499.9887060668945,1.1467382829904116,28.929994507498282,3,zaman
SNPS,2023-11-06,2023-11-08,488.24278221435543,504.77602304851735,3.3862745003987005,85.42917259372253,3,hedef
CRWD,2023-11-09,2023-11-13,48.38901661071777,50.209857677459716,3.7629222378919858,94.33005879740233,3,zaman
MU,2023-11-10,2023-11-14,73.2866253182144,75.86988779074979,3.5248757345814674,88.67694559926896,3,hedef
WDAY,2023-11-10,2023-11-14,226.68593305358885,232.28054617004395,2.4680018919094104,62.08867659095799,3,zaman
PLTR,2023-11-13,2023-11-15,19.60175415267944,19.938030762481688,1.7155434517899026,35.98007090790275,3,zaman
MDB,2023-11-15,2023-11-17,399.9986942621154,392.3344653198242,-1.9160634902645302,-39.73983817340485,3,zaman
ADSK,2023-11-21,2023-11-22,219.13139999999999,201.12924999999998,-8.21523067894423,-211.7050303462308,2,gap-stop
CTSH,2023-11-20,2023-11-22,65.81809069688991,67.6039463076744,2.7133202921501454,69.6553777425698,3,hedef
CEG,2023-11-28,2023-11-29,122.95517215241397,120.27226213969587,-2.1820228996893176,-55.24121414686631,2,stop
MDB,2023-11-30,2023-11-30,422.86612735034174,442.2327436284187,4.579845730237886,114.63352720071119,1,hedef
LULU,2023-11-30,2023-12-01,440.03385100708005,451.5133964496241,2.6087868958880156,65.6851096102971,2,hedef
TMUS,2023-12-01,2023-12-04,143.6066170362637,146.21239307090667,1.8145236538682274,46.89665753619564,2,hedef
ADSK,2023-12-04,2023-12-04,223.0737664428711,218.88809115711658,-1.8763637484134454,-48.47634989981925,1,stop
AXON,2023-12-01,2023-12-05,230.0079171142578,231.58096921997068,0.6839121563504635,17.675820380095026,3,zaman
PAYX,2023-12-01,2023-12-05,111.0466940222951,111.8956976409912,0.7645465055678757,19.10696951071477,3,zaman
CCEP,2023-12-05,2023-12-06,57.930307946570956,59.54702308214779,2.7907932701962013,71.79288042094309,2,hedef
ADSK,2023-12-05,2023-12-07,220.14200050354003,223.7056923400879,1.618815050465816,41.643856814068414,3,zaman
FAST,2023-12-07,2023-12-11,29.4167740870888,29.8240290435791,1.3844310572077578,36.00175735823286,3,zaman
AMD,2023-12-08,2023-12-11,129.08925219982908,134.77011742199574,4.400726726166737,114.35031999761001,2,hedef
BKNG,2023-12-08,2023-12-11,125.93008627444712,130.06746300958156,3.285455332824605,85.3706426287449,2,hedef
MCHP,2023-12-08,2023-12-11,79.6971912753027,82.85893572623851,3.96719683635276,103.08529839697566,2,hedef
ASML,2023-12-12,2023-12-13,698.4698462343748,712.8781708968052,2.0628413295304293,55.38280834629891,2,hedef
LRCX,2023-12-12,2023-12-14,71.73362327472098,74.34465328085207,3.6398970063613367,97.72332724663063,3,hedef
TXN,2023-12-12,2023-12-14,148.1793300063349,152.41002501898708,2.8551181952781945,76.65372103588633,3,hedef
HON,2023-12-12,2023-12-14,188.311958882904,189.97083371276855,0.8809184715114382,23.65074723781045,3,zaman
AAPL,2023-12-14,2023-12-18,195.75228450527177,192.558965549348,-1.6313060989271766,-44.700488009387314,3,stop
CDW,2023-12-15,2023-12-18,211.5169471037343,216.95499876674248,2.5709768117734733,70.6033632282562,2,hedef
CSGP,2023-12-15,2023-12-19,88.38299983215332,87.96718464508056,-0.470469646722127,-12.919890682514112,3,zaman
WBD,2023-12-15,2023-12-19,12.537517732810974,12.352583656883239,-1.475045378749562,-33.88635015723466,3,zaman
CEG,2023-12-20,2023-12-20,117.88860449591807,115.67063490467,-1.8814113550091882,-51.65816097860841,1,stop
NFLX,2023-12-19,2023-12-21,48.86930415267944,49.13150269851684,0.5365301396930588,14.720560247658186,3,zaman
INTC,2023-12-19,2023-12-21,45.0243560362834,46.429927137756344,3.121801676275493,85.65160884185046,3,zaman
NFLX,2023-12-22,2023-12-27,49.42964152679443,49.14949345397949,-0.5667612876841921,-15.614772621731612,3,zaman
CDNS,2023-12-26,2023-12-28,276.80599865722655,273.07604624023435,-1.3474969599958198,-37.06640012391262,3,zaman
REGN,2023-12-28,2024-01-02,866.616583102937,890.9765859537833,2.8109319998960602,77.08489307547293,3,hedef
GILD,2023-12-28,2024-01-02,73.96929754787361,75.52136782451431,2.098262830786224,57.541187748895005,3,hedef
KDP,2023-12-28,2024-01-02,30.420452871704118,30.55795960617065,0.4520206686154715,12.395876139805765,3,zaman
MDLZ,2024-01-02,2024-01-02,66.60311584002466,67.95714242227461,2.0329778347040417,55.717739791343426,1,hedef
KHC,2024-01-05,2024-01-09,32.33889397199516,32.975880541229245,1.969722804328744,55.00653223374319,3,zaman
AEP,2024-01-08,2024-01-10,76.08085202308456,75.02099449790902,-1.3930673710830122,-39.02313827028703,3,stop
DXCM,2024-01-09,2024-01-11,128.8872835571289,128.85263468017578,-0.02688308419330765,-0.755245167945542,3,zaman
DASH,2024-01-11,2024-01-11,105.93352474822997,102.5295844638857,-3.2132795471823905,-90.58810893432883,1,stop
MRVL,2024-01-10,2024-01-12,63.37476253907775,66.08852071501562,4.282080227542506,119.50527512536088,3,hedef
MSFT,2024-01-12,2024-01-16,377.6587744763868,385.2492597761068,2.0098792382737596,56.1567021259556,2,hedef
DASH,2024-01-12,2024-01-17,104.1224335571289,100.87835858843968,-3.115634986488569,-87.0518897541909,3,stop
SHOP,2024-01-12,2024-01-17,81.15866661071777,78.56173589651344,-3.199819344815835,-86.91223441787575,3,stop
MELI,2024-01-16,2024-01-17,1659.5751040283203,1616.7044029705883,-2.5832335610284307,-72.65444948103232,2,stop
CDNS,2024-01-17,2024-01-17,277.7265335571289,271.23222759009377,-2.3383815308735123,-65.28995031593593,1,stop
MELI,2024-01-19,2024-01-19,1671.002,1722.7434005377725,3.096429599591888,85.43096921512523,1,hedef
CDNS,2024-01-19,2024-01-19,280.168,288.2743422753468,2.893386209469595,79.82897083183927,1,hedef
DDOG,2024-01-18,2024-01-22,126.73614486245725,133.3199539001465,5.1948945147688,142.32458082345676,3,gap-hedef
ROP,2024-01-19,2024-01-22,532.9325224579514,540.6554575021374,1.4491393785777795,39.142304388137156,2,hedef
PYPL,2024-01-22,2024-01-22,65.45880785549926,62.98930347090539,-3.772608248603171,-106.55366221932547,1,stop
ASML,2024-01-23,2024-01-24,749.6069255885855,808.1412549358623,7.80866976399881,219.26015679471593,2,gap-hedef
MAR,2024-01-22,2024-01-24,228.4765674865346,232.96920442100958,1.9663447258063904,55.53750029516143,3,hedef
TXN,2024-01-23,2024-01-24,162.02421763142064,158.49027504534035,-2.181119981779167,-60.17189037930357,2,stop
ADSK,2024-01-23,2024-01-25,251.3307006713867,251.59895,0.10673162009127157,2.9969242474638236,3,zaman
DASH,2024-01-25,2024-01-29,107.72019612197111,110.38372695007324,2.4726383018150333,70.58323880363204,3,zaman
CMCSA,2024-01-26,2024-01-30,38.671831719438494,39.62846659727324,2.473725280910055,70.6890179855777,3,hedef
ADBE,2024-01-26,2024-01-30,621.0724322143554,627.5832459594726,1.0483179428691924,29.95666757742054,3,zaman
TTWO,2024-01-26,2024-01-30,168.6011,165.61709958821146,-1.7698582107640748,-50.385045786856374,3,stop
MDLZ,2024-01-30,2024-01-31,69.59413124108713,67.81930959466122,-2.550246141125878,-73.7391270141622,2,gap-stop
CSX,2024-02-01,2024-02-02,34.41766462347633,35.11850693172258,2.0362866449927797,58.35847298657077,2,hedef
MDLZ,2024-02-02,2024-02-05,70.7721245761878,69.28320161660847,-2.1038268506076596,-60.61376647828698,2,stop
CTAS,2024-02-02,2024-02-06,150.54548376766138,150.75043781738282,0.13614094863034776,3.9223834727790168,3,zaman
APP,2024-02-05,2024-02-07,45.62735847320556,47.661384627532954,4.4579090755864526,127.68118976858426,3,zaman
MDB,2024-02-05,2024-02-07,438.2527842285156,460.8345628852523,5.152683444211048,136.32895373675345,3,hedef
ODFL,2024-02-06,2024-02-07,204.95275822196956,212.9509065070005,3.9024350559696774,112.42464397530964,2,hedef
DASH,2024-02-07,2024-02-08,112.40740033569335,117.08311215335736,4.159612092887532,122.90433123477267,2,hedef
SHOP,2024-02-08,2024-02-08,85.08101677856445,89.64877443049878,5.3687154019592676,161.0171424146114,1,hedef
TTWO,2024-02-08,2024-02-09,170.52010807525633,154.79706539001464,-9.220638470568277,-266.36130969180573,2,gap-stop
AXON,2024-02-08,2024-02-12,265.159,266.54996546020504,0.5245778797646095,15.733005914746148,3,zaman
WDAY,2024-02-12,2024-02-12,301.9410657714844,298.73381889496807,-1.0622095634197803,-30.911276225422032,1,stop
MSFT,2024-02-09,2024-02-13,406.8142277187749,396.23788991168493,-2.599795456121856,-77.50775096253506,3,gap-stop
ZS,2024-02-12,2024-02-13,253.85221694641112,242.18460382995605,-4.596222659311322,-136.45258977584024,2,gap-stop
QCOM,2024-02-13,2024-02-13,141.74853672436984,140.97450581412397,-0.5460591891336186,-15.876982631899484,1,stop
INTU,2024-02-16,2024-02-16,649.9713448054924,637.7728439501866,-1.8767751767512664,-54.3079009939519,1,stop
QCOM,2024-02-15,2024-02-20,146.19917233538817,141.666760921118,-3.1001621567819826,-90.01593132715506,3,stop
WDAY,2024-02-16,2024-02-20,306.75394932861326,298.582753534333,-2.663762214688481,-77.08080137608577,2,stop
AEP,2024-02-16,2024-02-21,74.65992452114322,75.7540426864624,1.4654691554226273,42.406013670826944,3,zaman
AVGO,2024-02-23,2024-02-27,127.31708762574276,125.98445305786132,-1.0467051930993065,-29.923607718483147,3,zaman
ODFL,2024-02-23,2024-02-27,216.07470960260008,216.77168385620115,0.3225616986286539,9.221517002500981,3,zaman
TMUS,2024-02-26,2024-02-28,155.94250675464266,156.32811337280273,0.2472748618609577,7.0953468124117425,3,zaman
IDXX,2024-02-26,2024-02-28,576.6357520141601,571.3369846801758,-0.9189106494829624,-26.172959040625567,3,zaman
AEP,2024-02-28,2024-03-01,76.33190145699103,77.9837373916626,2.1640178000836174,61.669066090700134,3,zaman
INTU,2024-02-28,2024-03-01,648.9321598522064,652.6779823242188,0.577228669459906,16.435003108447614,3,zaman
TXN,2024-03-01,2024-03-01,156.49380944924206,160.2769011799068,2.4174066335139965,69.36231144932448,1,hedef
ODFL,2024-03-04,2024-03-05,219.7095096430206,212.99909660353595,-3.0542205707834835,-88.13747102079061,2,stop
ISRG,2024-03-04,2024-03-05,398.5389677856445,390.21648409920203,-2.088248417133143,-60.2618344300097,2,stop
AMZN,2024-03-05,2024-03-05,177.0361506713867,174.10122928327286,-1.6578090841805726,-47.02058616413777,1,stop
ABNB,2024-03-04,2024-03-06,159.99593389282225,163.77167312011719,2.359896989522392,68.10095987033586,3,zaman
TMUS,2024-03-06,2024-03-08,159.05805760107037,156.96886301087576,-1.3134792551248609,-37.49160331492588,3,stop
CMCSA,2024-03-12,2024-03-14,37.15661898295447,36.27109913897206,-2.3832088823491637,-67.79174028660766,3,stop
MSFT,2024-03-15,2024-03-15,411.53176021003753,409.57227424697624,-0.476144529418876,-13.479802243001878,1,stop
GOOG,2024-03-15,2024-03-15,142.14965371973443,139.79243195352427,-1.6582676809454022,-46.946082594683766,1,stop
PYPL,2024-03-14,2024-03-18,61.857674443947104,63.4835011062622,2.628334603474869,74.39807779533172,3,zaman
CDNS,2024-03-22,2024-03-25,322.94365,314.4064088109038,-2.643569919735589,-74.84216962781828,2,stop
ADSK,2024-03-22,2024-03-25,265.2690513427734,259.4706941712315,-2.185840052652588,-61.883368689664714,2,stop
MAR,2024-03-22,2024-03-26,250.13816135492723,246.19666048278808,-1.575729529148684,-44.610515435091436,3,zaman
DASH,2024-03-25,2024-03-27,137.13223305358886,138.7966768798828,1.2137509827055082,33.93098141387737,3,zaman
AVGO,2024-03-26,2024-03-27,132.7423733154144,127.29039626577878,-4.107186660495332,-113.67850613138285,2,stop
TTD,2024-03-26,2024-03-28,88.0405457188568,87.36754617004394,-0.764420010482425,-21.352080102874027,3,zaman
AZN,2024-03-28,2024-04-01,131.40529627273276,129.4951951238099,-1.4535952530850937,-40.13244869820334,2,stop
AMZN,2024-04-04,2024-04-08,183.43204691262815,187.08244784396285,1.9900562594024063,54.73570745220725,3,hedef
META,2024-04-08,2024-04-09,525.1299343263055,508.7757488824515,-3.1143121682512542,-85.86314964360001,2,stop
ADI,2024-04-10,2024-04-10,193.14370168473025,192.0896739942145,-0.5457220097377258,-14.96109043652678,1,stop
PAYX,2024-04-09,2024-04-11,114.15723069412992,113.81031203765869,-0.30389547325369026,-8.349888442357509,3,zaman
AMZN,2024-04-09,2024-04-11,186.22762202508542,188.93657304992675,1.4546451248120595,39.96809950920331,3,zaman
MAR,2024-04-12,2024-04-12,250.33363646171946,248.20157431006788,-0.8516882436522266,-23.39453655291353,1,stop
AXON,2024-04-12,2024-04-12,322.4233489929199,316.47925428861583,-1.8435683156540206,-50.63992214265223,1,stop
AVGO,2024-04-12,2024-04-15,132.12395363988136,130.3229964411991,-1.3630815223641957,-37.44170562083179,2,stop
DDOG,2024-04-12,2024-04-15,129.16745033569336,126.55336921540462,-2.023792459706375,-55.590395930654935,2,stop
KHC,2024-04-22,2024-04-24,32.847602734561775,33.40428630587632,1.6947464197404338,45.84418008576535,3,hedef
CCEP,2024-04-26,2024-04-30,66.26904801332569,67.47307979888916,1.8168840833828748,49.356330717364024,3,zaman
QCOM,2024-05-07,2024-05-08,173.2892274400925,167.65510689275237,-3.251281473505263,-88.7234467076865,2,gap-stop
CEG,2024-05-07,2024-05-08,195.85361312008664,204.0606287770247,4.190382564913908,114.3503529954699,2,hedef
VRTX,2024-05-08,2024-05-08,412.5385648996581,422.7649578300529,2.4788938054511656,67.87804281434178,1,hedef
APP,2024-05-08,2024-05-08,75.77544135894775,73.78612707191893,-2.6252757507613245,-71.88633067611286,1,stop
VRTX,2024-05-09,2024-05-13,419.2514,429.6720346801758,2.48553366313764,67.96147137814933,3,zaman
MU,2024-05-09,2024-05-13,118.54173336498832,122.05118363800048,2.96051877544814,80.94889842212216,3,zaman
IDXX,2024-05-15,2024-05-15,523.9942006713867,541.0142723006443,3.2481412213055005,90.26224566135313,1,hedef
HON,2024-05-14,2024-05-16,192.5691230847015,195.056723828125,1.2917962670107475,35.80224281081663,3,zaman
EXC,2024-05-14,2024-05-16,35.279462823143,35.512413127899165,0.6603000332628506,18.30027127541612,3,zaman
AMAT,2024-05-16,2024-05-17,214.1122849496743,207.67979558007417,-3.0042598308228974,-84.37282640206062,2,stop
GOOG,2024-05-16,2024-05-20,173.0655593559892,177.94087569545738,2.817034398762064,79.11471300079971,3,hedef
AMD,2024-05-17,2024-05-21,163.53115494982907,164.5612076599121,0.6298816335022162,16.329758901399344,3,zaman
MRVL,2024-05-17,2024-05-21,73.03167236645507,72.79970063323974,-0.31763168731965274,-8.886778906756978,3,zaman
PDD,2024-05-20,2024-05-22,147.00910502508543,153.46533362026054,4.391720223093265,123.93537233360162,3,hedef
ON,2024-05-23,2024-05-23,76.71600016784667,73.83829204102882,-3.751118567862932,-106.21066702237236,1,stop
ISRG,2024-05-22,2024-05-24,402.8015335571289,404.6070960998535,0.4482511590210958,12.589286510615505,3,zaman
SNPS,2024-05-24,2024-05-29,583.2497644287109,579.8618959594726,-0.5808606665373861,-16.35789479990938,3,zaman
MU,2024-06-06,2024-06-06,132.9670358367981,128.21026897688645,-3.5774030984266125,-100.328256976111,1,stop
KDP,2024-06-05,2024-06-07,32.44613290980157,32.147287876892086,-0.9210497711399257,-25.896556716433857,3,zaman
HON,2024-06-05,2024-06-07,196.52909247194893,197.09584385986327,0.28838040250718233,8.10820401181227,3,zaman
ROST,2024-06-06,2024-06-10,141.25846365329053,141.18659948730468,-0.050874237286224755,-1.4267678009675149,3,zaman
REGN,2024-06-07,2024-06-11,990.2545638024498,1000.4923007690429,1.0338490061870154,28.104584395963656,3,zaman
AVGO,2024-06-11,2024-06-12,140.54682954133304,146.49662141856535,4.2333163235692695,118.07512637495708,2,hedef
MU,2024-06-11,2024-06-12,134.43737024027078,140.52206539643663,4.526044466126566,126.23986290398109,2,hedef
CRWD,2024-06-11,2024-06-13,93.27092533569335,95.64507789001465,2.545436904133247,70.99700593165338,3,zaman
SNPS,2024-06-13,2024-06-17,586.2315328857421,612.203938908374,4.430400714676996,127.06533128812131,3,hedef
PLTR,2024-06-18,2024-06-20,25.160187520328517,26.424136533737183,5.023607285865572,140.61001546478133,2,gap-hedef
NFLX,2024-06-17,2024-06-20,66.95114971466064,67.86225807800292,1.3608554404596962,39.46481690769432,3,zaman
ORLY,2024-06-18,2024-06-20,69.64709461975097,71.4362085597704,2.568827816562025,74.92929719881886,2,hedef
SNPS,2024-06-18,2024-06-21,611.776819128418,605.1667112792968,-1.0804770044308687,-31.51607984759425,3,zaman
AMZN,2024-06-24,2024-06-24,189.4435998321533,185.48720116197055,-2.088430896418836,-61.75760575098695,1,stop
HON,2024-06-21,2024-06-25,203.41061164132688,202.44855681762695,-0.4729619639492144,-13.979216626408038,3,zaman
TXN,2024-06-24,2024-06-26,183.9908222115813,181.43992932739258,-1.3864239822002133,-40.99835232434849,3,zaman
TTWO,2024-06-24,2024-06-26,158.15483355712888,157.44546929016113,-0.44852518953302223,-13.236124470948676,3,zaman
AMGN,2024-06-25,2024-06-26,298.6644831182305,291.5590476290392,-2.3790694544615687,-68.88290790294855,2,stop
AMZN,2024-06-27,2024-06-27,194.6947974437713,199.45048337294966,2.44263636810933,71.11611874090818,1,hedef
ISRG,2024-06-26,2024-06-28,441.51475,444.5830960998535,0.6949589113055765,20.214042388697784,3,zaman
MELI,2024-06-28,2024-07-01,1664.6682459716797,1618.6535155410652,-2.7641982444228885,-80.95784149705318,2,stop
CHTR,2024-07-01,2024-07-01,292.97566778564453,290.6582646569632,-0.7909882572148863,-22.929647875438746,1,stop
TXN,2024-07-01,2024-07-03,182.1563889970986,186.92729655151368,2.6191272129856946,75.92484994176839,3,zaman
FANG,2024-07-03,2024-07-08,193.68693883401485,191.03608163146973,-1.368629820112366,-39.98884985254257,3,zaman
SNPS,2024-07-08,2024-07-09,622.0230144287109,607.9564950732588,-2.2614146147584724,-65.84798801309138,2,stop
TXN,2024-07-08,2024-07-10,187.94566013388058,191.32466570129392,1.7978630445663724,52.350269355816444,3,zaman
KLAC,2024-07-08,2024-07-10,84.33351173939256,87.47457278700419,3.724570438046193,108.45223514422794,3,hedef
AVGO,2024-07-09,2024-07-11,172.0101301229553,165.22560357062923,-3.944259880203793,-114.78092270833238,3,stop
MELI,2024-07-10,2024-07-12,1731.6986952517086,1760.163238720703,1.643735341895436,46.7800042666015,3,zaman
AMGN,2024-07-11,2024-07-12,301.25595570588786,309.6561741970825,2.7883991443460987,81.00437924295454,2,hedef
ADI,2024-07-15,2024-07-17,229.48538713218886,227.73133641662596,-0.7643409183838434,-22.459104211807485,3,zaman
CTAS,2024-07-15,2024-07-17,176.9578068781609,176.34623139953612,-0.3456052543903132,-10.155133969423654,3,zaman
BKR,2024-07-16,2024-07-18,34.06348306420723,34.338359072113036,0.80695214693014,23.891883000418556,3,zaman
MSTR,2024-07-16,2024-07-18,161.59689999999998,155.42269686584473,-3.8207435502508047,-65.28323253754131,3,zaman
ROP,2024-07-18,2024-07-22,561.8906860529694,566.4038501464844,0.8032103406479196,23.45820272297155,3,zaman
PEP,2024-07-18,2024-07-22,155.0187739081485,153.86921667175292,-0.741560010709863,-21.657670702357322,3,zaman
MSTR,2024-07-22,2024-07-24,178.50903399353027,167.16863579406737,-6.352842736168696,-105.70309479065105,3,zaman
AXON,2024-07-24,2024-07-24,318.2108010070801,310.9409080380302,-2.284615401501755,-66.11948781329184,1,stop
ISRG,2024-07-24,2024-07-25,455.52315,443.7188823925284,-2.5913650288622136,-74.99718698080127,2,stop
ON,2024-08-01,2024-08-01,76.32576677856444,74.43364159902606,-2.4790123432730127,-70.86519408898,1,stop
AZN,2024-08-02,2024-08-05,157.27005675955618,151.84541107715546,-3.449255245513294,-97.98953496517649,2,gap-stop
PLTR,2024-08-12,2024-08-14,30.178146260164258,30.981399999999997,2.6617066963322777,47.86786057114567,3,zaman
XEL,2024-08-14,2024-08-16,55.2293307959856,55.78624463882446,1.0083660888379642,28.52300950220891,3,zaman
PDD,2024-08-16,2024-08-19,145.89288508131406,151.54820183711777,3.876348563983556,109.93009791540563,2,hedef
AVGO,2024-08-16,2024-08-20,161.23720802614,162.49300657653808,0.7788515850476019,21.292464986320763,3,zaman
GEHC,2024-08-16,2024-08-20,84.6739079996214,83.5865290939331,-1.2841959599799946,-36.41875473605296,3,zaman
XEL,2024-08-19,2024-08-21,55.86254634450366,55.76764389801025,-0.16988564378743742,-4.890956894492261,3,zaman
CTAS,2024-08-20,2024-08-22,189.75513324909673,192.6307205871582,1.5154200515285154,43.334846076731765,3,zaman
TSLA,2024-08-21,2024-08-23,222.3388294377136,220.1878153198242,-0.9674487013038746,-19.343777183225985,3,zaman
PEP,2024-08-21,2024-08-23,161.66205182193588,161.40390823059082,-0.15968100641787775,-4.579818705819746,3,zaman
TXN,2024-08-22,2024-08-26,197.3843348139042,196.9489898864746,-0.22055697978262678,-6.267648120027357,3,zaman
PAYX,2024-08-23,2024-08-26,119.6648412953546,121.86047187716592,1.8348167749557387,52.62178197205693,2,hedef
KHC,2024-08-26,2024-08-28,31.54843123388733,30.976659270095823,-1.8123625848544545,-52.038290282351646,3,zaman
GILD,2024-08-27,2024-08-28,72.53386190935608,74.33505862358322,2.4832494324899645,71.23940455318336,2,hedef
CTSH,2024-08-28,2024-08-30,74.4601586136876,74.83273606109618,0.5003715468047565,14.380305070105964,3,zaman
MDLZ,2024-09-04,2024-09-04,67.54259553044425,68.79569576344123,1.8552740284198288,53.48393038725642,1,hedef
CSX,2024-09-04,2024-09-05,33.64628323610882,32.991491831667304,-1.9461032288368818,-56.102359017108796,2,stop
GEHC,2024-09-05,2024-09-06,87.13646306457967,85.38169295047489,-2.01381838600021,-58.07599298224354,2,stop
PEP,2024-09-05,2024-09-09,164.2256142554956,164.778316696167,0.3365506916670924,9.70569925436417,3,zaman
APP,2024-09-12,2024-09-12,97.40840847320555,104.52280798895376,7.303681096180914,180.87892731002285,1,hedef
ARM,2024-09-12,2024-09-16,136.40179932861327,138.31695390014647,1.4040537448624768,40.29715272831286,3,zaman
GEHC,2024-09-12,2024-09-16,86.75759268423177,86.27514627838134,-0.5560855147357158,-15.959975178515888,3,zaman
COST,2024-09-13,2024-09-17,904.2349245463572,886.5002012910655,-1.9612959833628318,-58.28259386464405,3,stop
MELI,2024-09-16,2024-09-17,2130.107376171875,2067.36616005758,-2.945448516640048,-85.92169684062502,2,stop
AXON,2024-09-18,2024-09-20,383.7301,393.0540345397949,2.4298157845305646,70.10773388581279,3,zaman
GEHC,2024-09-19,2024-09-23,88.7043624636154,91.07383743918058,2.6712045605841395,77.37432299751707,3,hedef
ROP,2024-09-20,2024-09-24,545.5041577121387,542.2037766186495,-0.6050148375277509,-17.626992710440867,3,stop
TSLA,2024-09-20,2024-09-24,241.6649162750244,254.11744226989745,5.152806698967249,146.64078863917257,3,zaman
EXC,2024-09-23,2024-09-25,37.621261058941194,37.14881701812744,-1.255790017441405,-36.99734386396832,3,zaman
NFLX,2024-09-25,2024-09-26,72.14325847320556,70.48521983617727,-2.2982585928581267,-67.69800894133087,2,stop
CSCO,2024-09-25,2024-09-27,49.965210834535036,50.332487607574464,0.7350649920315533,21.652235548101274,3,zaman
TMUS,2024-10-01,2024-10-03,198.34906331422485,200.74556921386718,1.2082264768983553,35.44542414579994,3,zaman
SHOP,2024-10-07,2024-10-09,81.89910847320556,83.35995765991211,1.7837180574248768,52.486531733862094,3,zaman
AMD,2024-10-07,2024-10-09,171.18264983215332,170.91739226989745,-0.15495586878457868,-4.559630985656636,3,zaman
PANW,2024-10-09,2024-10-11,177.67154144287107,184.88267138029923,4.058685976868626,119.95070612912676,3,hedef
HON,2024-10-10,2024-10-14,200.9971748469501,206.54625541381836,2.7607754044770116,82.3744966190311,3,zaman
ADSK,2024-10-11,2024-10-14,277.6564842285156,285.3195656812558,2.7599144583396074,82.99132144157865,2,hedef
MRVL,2024-10-15,2024-10-15,77.75754306907652,81.50035632885427,4.813440744202513,139.3907109910206,1,hedef
PEP,2024-10-15,2024-10-17,163.28189614607007,161.52325186462403,-1.0770601781061928,-32.59018293782302,3,zaman
CTAS,2024-10-15,2024-10-17,208.68148838877104,209.97297012329102,0.6188769998199284,18.726265300798737,3,zaman
MNST,2024-10-18,2024-10-22,26.736031312942504,26.783919237518308,0.17911381092907686,5.475917142545692,3,zaman
EXC,2024-10-21,2024-10-22,38.039787893162824,37.47615717715423,-1.481687325890435,-45.1723580074829,2,stop
NFLX,2024-10-21,2024-10-23,76.62194199676513,74.88404345397949,-2.268147344606608,-69.43902141537411,3,zaman
ISRG,2024-10-21,2024-10-23,519.3514020141602,508.87434716758776,-2.0173344687123285,-61.760419448933106,3,stop
TTWO,2024-10-23,2024-10-25,160.096,161.69291929016111,0.9974760707082586,30.127906211291585,3,zaman
GILD,2024-10-23,2024-10-25,83.58522379980685,84.29000232543945,0.8431855459531734,25.467693705329882,3,zaman
XEL,2024-10-25,2024-10-29,61.46058611931609,60.17744774651156,-2.0877418420864324,-63.2443331123337,3,stop
TSLA,2024-10-25,2024-10-29,256.16361577148433,259.36427702026367,1.2494597404631325,37.332227493795635,3,zaman
NXPI,2024-10-29,2024-10-31,241.80386570351115,233.52297182517574,-3.4246325443320513,-103.2012003069774,3,stop
AMZN,2024-10-31,2024-10-31,190.62430050354,188.73054985509654,-0.9934466085599114,-29.537006346060522,1,stop
XEL,2024-11-01,2024-11-04,63.065299018203724,61.49228226207742,-2.4942667054861034,-74.54714941425202,2,stop
PANW,2024-11-04,2024-11-06,180.4331919464111,188.8866,4.685062633098869,139.31346770339772,3,gap-hedef
MRVL,2024-11-04,2024-11-06,83.5360313947277,89.01560583350049,6.559534068455419,195.05212825525462,3,hedef
AMZN,2024-11-04,2024-11-06,196.56786694641113,205.0899592434969,4.335445273671867,128.91736192522035,3,hedef
VRTX,2024-11-06,2024-11-06,502.6808325501708,488.92304897831053,-2.7368824671641256,-84.95724792885294,1,stop
CTAS,2024-11-07,2024-11-08,213.3516282543527,217.93102500542233,2.146408156590285,65.78064339647828,2,hedef
COST,2024-11-08,2024-11-08,905.8030919425768,924.5393807471162,2.068472604168048,63.39216440842854,1,hedef
WDAY,2024-11-07,2024-11-11,252.28128288574217,260.23082636132796,3.1510635211039917,96.5701631187746,3,hedef
PANW,2024-11-07,2024-11-11,189.40857516784666,199.88101264793855,5.5290197240603245,169.44702417562206,3,hedef
HON,2024-11-11,2024-11-12,208.31482051352194,227.20087151555956,9.066110109439718,287.57911195836505,2,gap-hedef
ZS,2024-11-12,2024-11-12,200.11999999999998,207.5433845902818,3.709466615171797,120.01523059410557,1,hedef
SBUX,2024-11-12,2024-11-13,95.2685358647434,92.51241763577033,-2.8929994608986487,-93.5994398731889,2,gap-stop
TTD,2024-11-12,2024-11-14,128.43701661071776,124.89314668536801,-2.7592278447972185,-89.27142374070885,3,stop
ADBE,2024-11-13,2024-11-15,524.1042520141601,513.9636840976708,-1.9348379406422644,-62.58244198047186,3,stop
PYPL,2024-11-13,2024-11-15,85.89418937274723,84.83245467376709,-1.2360960697499923,-39.98159687820656,3,zaman
DDOG,2024-11-20,2024-11-21,134.15749991262814,141.91479999999999,5.782233637645229,181.74869365808064,2,gap-hedef
PANW,2024-11-22,2024-11-22,196.4327914428711,193.57807514164733,-1.4532788951655218,-47.0783780310944,1,stop
ZS,2024-11-22,2024-11-26,208.4615049688568,210.17382304992674,0.8214073295334634,26.609155961687275,3,zaman
WDAY,2024-11-22,2024-11-26,269.5720035752563,270.0278884399414,0.16911432145729766,5.478389579951561,3,zaman
CTAS,2024-11-25,2024-11-26,219.34007790219508,223.21499256139745,1.7666240918042364,57.05567483627174,2,hedef
PYPL,2024-11-25,2024-11-27,86.29382914315794,85.5638576095581,-0.8459139440768593,-27.08782121443184,3,zaman
ORLY,2024-11-27,2024-12-02,83.11650564880371,83.07145746307373,-0.05419884459570978,-1.7580371296642063,3,zaman
FTNT,2024-11-27,2024-12-02,96.73800830535887,95.26280769500733,-1.524944162272801,-49.46431013314122,3,zaman
CSCO,2024-11-29,2024-12-03,56.57221849286019,56.89655903778076,0.5733212406395349,18.499695546511965,3,zaman
CSX,2024-11-29,2024-12-03,35.58198611831275,35.09093231201172,-1.380062947212224,-44.5313073172885,3,zaman
GILD,2024-12-03,2024-12-04,88.9521137345015,87.26837496098139,-1.8928597678360082,-61.04197808025371,2,stop
CDNS,2024-12-05,2024-12-05,318.6911,315.66371842625193,-0.9499423026711695,-30.609563239007375,1,stop
LULU,2024-12-04,2024-12-06,339.04330033569335,376.7738,11.128519462543274,356.595510362693,3,gap-hedef
PYPL,2024-12-05,2024-12-09,88.65508349866921,91.41000207408499,3.107456974485978,100.13018738670638,3,hedef
GILD,2024-12-06,2024-12-09,88.65817442527171,86.55974747678944,-2.3668736268092183,-77.9233721872887,2,stop
PANW,2024-12-06,2024-12-09,202.6440879312286,196.17179714989135,-3.1939203592920795,-105.1518095747224,2,stop
WDAY,2024-12-10,2024-12-10,278.4569825500488,269.9778859885937,-3.0450292478950813,-99.55387530307993,1,stop
GOOG,2024-12-11,2024-12-11,185.72414842128686,191.45288531801083,3.0845406725081403,100.28976164262633,1,hedef
PYPL,2024-12-10,2024-12-12,89.0014372633758,88.36096831359863,-0.7196164123528415,-23.527065505511107,3,zaman
AVGO,2024-12-12,2024-12-12,177.95704934701973,173.8378162584908,-2.3147344281351567,-75.55707894982115,1,stop
WDAY,2024-12-12,2024-12-16,270.9724835571289,278.1829960998535,2.660975922008846,86.85902165665449,3,zaman
ARM,2024-12-16,2024-12-16,152.76115541262814,145.42851326359212,-4.800069840549181,-132.2555796978567,1,stop
CRWD,2024-12-17,2024-12-17,96.74551249999999,93.74817684957051,-3.0981650445331743,-100.17772870079943,1,stop
HON,2024-12-17,2024-12-18,226.51156938862607,220.84624731473738,-2.501118194174312,-80.87249591390965,2,stop
CRWD,2024-12-18,2024-12-18,94.16146635894775,90.76964663388377,-3.602131377323936,-114.28743738119476,1,stop
CSCO,2024-12-23,2024-12-24,55.67196735172373,57.237224207906635,2.811570940710517,88.83493440601498,2,hedef
AAPL,2024-12-23,2024-12-26,253.08621021375524,256.99951630859374,1.546234420094783,48.855119142300595,3,zaman
CSCO,2024-12-30,2024-12-30,56.59136289579156,56.183814267855844,-0.7201604751703616,-23.002225760422963,1,stop
CEG,2025-01-06,2025-01-06,251.28503875392147,263.5994861854011,4.900589184515236,147.48185867963068,1,hedef
ROST,2025-01-07,2025-01-07,152.19599054031045,149.32732352610415,-1.8848505824774042,-61.03376039491882,1,stop
NVDA,2025-01-07,2025-01-07,149.87547866418453,143.63928425958773,-4.160917089425819,-131.3410880790798,1,stop
CEG,2025-01-07,2025-01-07,261.0308780699217,251.7541425320219,-3.5538843551738197,-115.07910930522272,1,stop
BKR,2025-01-06,2025-01-08,41.36365002424893,42.04971763839721,1.6586244534659844,52.88177627048364,3,zaman
PCAR,2025-01-08,2025-01-10,105.6898696080134,103.20653662935509,-2.3496414442260027,-74.29578026637111,2,gap-stop
ROST,2025-01-10,2025-01-13,149.81549236577953,148.60417851076807,-0.8085371118055074,-25.41187349970912,2,gap-stop
PAYX,2025-01-16,2025-01-17,135.35841142398456,140.05965699369298,3.4731831736578567,108.93957279839493,2,gap-hedef
CSCO,2025-01-21,2025-01-22,58.307650797499974,59.24325999275144,1.6046079415903636,50.76701168584299,2,hedef
MRVL,2025-01-21,2025-01-23,124.94796035909269,125.47114275970459,0.41872024089733006,11.717217542639782,3,zaman
DASH,2025-01-22,2025-01-24,179.09790043771358,183.2100153198242,2.2960151247226612,72.94732430456679,3,zaman
META,2025-01-22,2025-01-24,616.3786630517577,638.624243972243,3.609077058304555,114.6649740141042,3,hedef
CDNS,2025-01-23,2025-01-27,319.1914,305.42661936035154,-4.312390822449618,-138.8132110279664,3,gap-stop
MRVL,2025-01-24,2025-01-27,126.23964414749618,107.52536305970062,-14.824408936015477,-441.22417776808453,2,gap-stop
EXC,2025-01-28,2025-01-28,38.300985481390036,37.42401843126865,-2.2896722867548513,-70.55261803902378,1,stop
DDOG,2025-01-29,2025-01-29,147.9837412750244,146.75311503551444,-0.8315955718560253,-25.488355427882436,1,stop
ADSK,2025-01-29,2025-01-29,307.4843677856445,302.8798079236433,-1.4974939686075994,-45.57597527131474,1,stop
COST,2025-01-28,2025-01-30,953.2042038954086,969.0665264404297,1.6641053910796177,51.27676685990812,3,zaman
SHOP,2025-01-29,2025-01-31,116.77001694641112,116.72992304992675,-0.034335780308025754,-1.0523896494920013,3,zaman
MELI,2025-01-31,2025-02-03,1951.1699999999998,1878.941904321289,-3.7017838362987776,-113.23582898950374,2,gap-stop
VRTX,2025-02-03,2025-02-04,463.6380013427734,480.226370151944,3.5778708305030937,108.41607696113768,2,hedef
BKR,2025-02-04,2025-02-04,45.191820684471836,44.63304345659926,-1.236456552113585,-37.466911206014736,1,stop
GILD,2025-02-03,2025-02-05,92.77869647561921,95.48092709537727,2.91255506102972,88.2557835677229,3,hedef
ARM,2025-02-03,2025-02-05,153.64213305358885,172.98407246726973,12.588955275005587,381.46853495083064,3,hedef
WDAY,2025-02-06,2025-02-10,277.1561842285156,269.7180768798828,-2.683724113657182,-84.94933050118114,3,zaman
ARM,2025-02-07,2025-02-11,166.5999,157.92136879868846,-5.209205528521643,-127.40450978710714,3,stop
KLAC,2025-02-07,2025-02-11,75.30029765030098,74.89603729095458,-0.536864224924849,-16.912922686448443,3,zaman
SHOP,2025-02-12,2025-02-12,119.12143305358886,118.46683591565217,-0.5495208722364975,-17.147776965860874,1,stop
AVGO,2025-02-11,2025-02-13,229.2726712296444,232.26799572143554,1.3064463704838936,40.60227020390894,3,zaman
ABNB,2025-02-13,2025-02-14,139.7237833892822,158.09008656005858,13.144722197799585,409.37555596844066,2,gap-hedef
ZS,2025-02-14,2025-02-19,214.62869999999998,214.54119617004395,-0.040769864401191125,-1.3112580740747672,3,zaman
XEL,2025-02-18,2025-02-20,65.08976464597897,65.56978825531006,0.7374794054670675,23.781055449847443,3,zaman
LRCX,2025-02-19,2025-02-20,85.31494736718098,89.71491150767736,5.15731917592317,165.2503066184794,2,hedef
LIN,2025-02-19,2025-02-21,450.5341742059744,447.4863064390809,-0.6765009052343451,-21.782654295326687,3,stop
WBD,2025-02-20,2025-02-24,10.95101701524639,11.083346152496338,1.2083730402912884,38.84837329877849,3,zaman
VRTX,2025-02-24,2025-02-26,483.1297003356933,478.8125460998535,-0.893580798870397,-29.20157908137007,3,zaman
CSGP,2025-02-25,2025-02-27,77.51648322143554,75.32417027760017,-2.828189376926127,-92.27644739564181,3,stop
ADP,2025-03-03,2025-03-04,302.5616775153992,308.7302338819718,2.038776495829886,65.99662948568124,2,gap-hedef
KLAC,2025-05-13,2025-05-15,75.29205603026067,79.74471452403206,5.913848988240966,192.41118749899434,3,hedef
PLTR,2025-05-14,2025-05-16,128.81775043771358,129.44229226989745,0.48482591107337214,9.9004382143895,3,zaman
MNST,2025-05-16,2025-05-20,31.258743770980832,31.476103838729856,0.6953576552580776,22.977783550292262,3,zaman
XEL,2025-05-19,2025-05-21,68.66179490753558,67.3655339246747,-1.8878926550150887,-62.474181552340035,3,stop
COST,2025-05-20,2025-05-22,1023.2320206300313,1010.2172362304688,-1.271928960114932,-42.160947909136716,3,zaman
LIN,2025-05-28,2025-05-30,457.22623716870527,458.118122064209,0.19506424238175946,6.4053890525999595,3,zaman
CRWD,2025-05-29,2025-06-02,117.8642102467575,119.72062785491943,1.5750477640968263,50.05381027829919,3,zaman
CCEP,2025-06-02,2025-06-02,88.9983904215916,87.73959399532859,-1.4144035867390325,-46.6517312901483,1,stop
COST,2025-06-02,2025-06-04,1027.4640588472362,1043.5162145751954,1.5623082471584393,51.530118575883826,3,zaman
COST,2025-06-05,2025-06-05,1043.090522585109,1022.7842023581906,-1.9467457317695724,-64.42048635440061,1,stop
LULU,2025-06-04,2025-06-06,333.7301167785644,271.01728468017575,-18.79148118358155,-620.0381239461869,3,gap-stop
META,2025-06-04,2025-06-06,666.4945523857841,692.3998367467977,3.8867961138291385,128.24756851448095,3,gap-hedef
CSCO,2025-06-04,2025-06-06,62.76408176435601,64.115709599351,2.1535053122733627,69.93006529558721,3,hedef
KLAC,2025-06-10,2025-06-11,82.354298070718,85.85674099495283,4.252896334842493,135.13566330409742,2,hedef
LRCX,2025-06-10,2025-06-12,87.9933543732376,90.77824876403808,3.164891724649932,100.56434693512402,3,zaman
ADI,2025-06-10,2025-06-12,224.6969178270963,228.21263010864257,1.5646464204068788,49.71659669336767,3,zaman
GOOG,2025-06-10,2025-06-12,177.2451119011287,176.24578206176756,-0.5638123549035257,-17.915121968698195,3,zaman
SNPS,2025-06-13,2025-06-13,486.7318664428711,478.5940990326617,-1.67191999769436,-54.11267053787137,1,stop
CSGP,2025-06-12,2025-06-16,81.94914152679443,81.8908384399414,-0.07114545163839914,-2.3092555763521827,3,zaman
DDOG,2025-06-18,2025-06-18,125.07499999999999,130.02331859335735,3.9562811060222636,127.72648602785567,1,hedef
AMD,2025-06-17,2025-06-20,127.09816255622862,128.16306148986817,0.8378554907656044,25.14227023197562,3,zaman
ARM,2025-06-18,2025-06-23,145.24709966430663,149.24040382995605,2.749317662713202,78.89311610955335,3,zaman
MRVL,2025-06-20,2025-06-23,75.14818618794249,71.08614889906713,-5.4053697034235455,-132.10456259546342,2,stop
MDLZ,2025-06-23,2025-06-25,65.12799314983741,63.96602239379882,-1.7841341331757077,-58.01008171190959,3,zaman
DDOG,2025-06-23,2025-06-25,127.19627474822997,130.16186148986816,2.331504399408102,75.80750696170921,3,zaman
CSCO,2025-06-24,2025-06-26,65.73134535678862,66.98439386867105,1.9063180664885326,62.489760406315824,3,hedef
MSFT,2025-06-24,2025-06-26,483.93926262506096,491.84316727983264,1.6332431082152876,52.913941204473225,3,hedef
ADI,2025-06-27,2025-07-01,233.29025683722324,236.58920820007324,1.4140973599046758,46.50233333209028,3,zaman
MELI,2025-06-27,2025-07-01,2569.5407999999998,2490.5358789492984,-3.074670814750302,-101.10998801638844,3,stop
CEG,2025-06-27,2025-07-01,322.1258082097778,309.50746738816156,-3.917208897897062,-128.81669895325945,3,stop
AMZN,2025-06-30,2025-07-01,223.6541162750244,217.96714307548385,-2.542753647577567,-83.61798915246632,2,stop
MDLZ,2025-07-02,2025-07-07,66.11952880858198,65.8870492614746,-0.35160496648487527,-11.327731551454427,3,zaman
BKNG,2025-07-02,2025-07-07,225.28278089705998,229.99214037475585,2.0904214067952953,67.34754847841191,3,zaman
AMZN,2025-07-02,2025-07-07,219.86183372497558,223.3359192199707,1.580122132220918,50.90712884762454,3,zaman
AMGN,2025-07-03,2025-07-08,286.8300411788397,286.4860557067871,-0.11992658462092187,-3.8637001349837576,3,zaman
CCEP,2025-07-08,2025-07-08,93.82254572179716,92.71482472719963,-1.1806554448886342,-38.34733376337367,1,stop
GFS,2025-07-09,2025-07-09,41.45107417064726,40.18868922727675,-3.045481856932064,-98.60966078489483,1,stop
INTC,2025-07-09,2025-07-11,23.30397491607666,23.415942304992676,0.4804647675739515,15.55696929919906,3,zaman
CCEP,2025-07-09,2025-07-11,93.89076405238367,92.97996801605224,-0.9700592444037204,-31.409549465602446,3,zaman
SBUX,2025-07-09,2025-07-11,92.48598428604124,91.91549020385742,-0.6168438240538143,-19.972786936409282,3,zaman
ON,2025-07-10,2025-07-14,58.09368577032851,59.03455769500732,1.619576916497456,49.08860060574477,3,zaman
CSX,2025-07-14,2025-07-15,33.395911634378024,32.92120399507816,-1.4214543519488698,-45.72855322941093,2,stop
SHOP,2025-07-17,2025-07-17,120.11202491607665,126.72177582879172,5.502988495392835,176.37801097451268,1,hedef
CCEP,2025-07-21,2025-07-22,94.31958362572293,96.53120791754716,2.344819820876598,76.18849246861053,2,hedef
AEP,2025-07-21,2025-07-22,103.6289226601671,105.54487617968118,1.848859826321947,60.07363196912324,2,hedef
ARM,2025-07-22,2025-07-22,161.0966,155.85212040235493,-3.255487451408079,-104.54348762853037,1,stop
AMZN,2025-07-22,2025-07-24,229.8178006713867,235.20671311843705,2.344862944170245,77.07918979911231,3,hedef
IDXX,2025-07-25,2025-07-25,552.6113973144531,565.3189727662785,2.2995500117407808,75.80297797951198,1,hedef
PCAR,2025-07-24,2025-07-28,98.15976160477328,97.8378989807129,-0.327896705124775,-10.708388696708845,3,zaman
ARM,2025-07-24,2025-07-28,160.096,164.27137312011718,2.6080433740488074,79.6791614666627,3,zaman
CDNS,2025-07-25,2025-07-29,325.195,354.787,9.099770906686743,299.96726756814604,3,gap-hedef
CEG,2025-07-29,2025-07-30,328.2684933808593,343.61356797997246,4.6745499213382224,154.98873609268293,2,hedef
INTU,2025-07-29,2025-07-31,794.2821951069944,776.4599776681207,-2.24381429530508,-76.01169072423781,3,stop
CEG,2025-07-31,2025-08-01,344.8586719268188,330.8011109844937,-4.076325198314345,-138.2450405973172,2,stop
EXC,2025-08-01,2025-08-01,43.20660000049209,42.24883425951576,-2.2167116620271377,-75.18292462272491,1,stop
APP,2025-08-01,2025-08-01,377.6864674499511,372.94430290619465,-1.2555823288492252,-42.58485810516792,1,stop
XEL,2025-08-01,2025-08-05,71.06959876400755,70.910118510437,-0.22440010404465305,-7.61084826535014,3,zaman
CEG,2025-08-05,2025-08-05,349.8613417416315,339.61132242955875,-2.9297376100621886,-97.91056658529598,1,stop
DASH,2025-08-05,2025-08-07,258.11476744995116,272.4764306396484,5.564061030518919,185.94851844145515,3,gap-hedef
CSCO,2025-08-08,2025-08-08,68.5904767910958,69.78031320979862,1.734696235348654,58.345786641946496,1,hedef
AAPL,2025-08-08,2025-08-08,219.89970814210454,226.23264092719418,2.8799186859298276,96.86486761853473,1,hedef
EXC,2025-08-08,2025-08-12,43.67086245188465,42.7754652434617,-2.050330948717749,-68.96202899478949,3,stop
GILD,2025-08-11,2025-08-13,115.62136100928664,116.36408433532715,0.642375526076755,21.78797522302321,3,zaman
AVGO,2025-08-11,2025-08-13,302.4620662955544,306.10022618408203,1.2028483218032848,40.79798866648276,3,zaman
MU,2025-08-12,2025-08-14,124.21384377692411,125.01416460876464,0.6443088849885648,20.891582763819123,3,zaman
NFLX,2025-08-13,2025-08-15,123.2145242612457,123.82065964508057,0.49193501128950157,16.729536266417455,3,zaman
ADI,2025-08-14,2025-08-15,231.1837640372413,228.40504765092157,-1.2019513558366057,-40.929880446607775,2,stop
AMD,2025-08-14,2025-08-15,179.9378998321533,176.53725994954164,-1.889896395247359,-64.35637610318123,2,stop
PEP,2025-08-15,2025-08-19,142.2413290827026,144.73108711853027,1.750375964485018,59.28325136776473,3,zaman
AMZN,2025-08-18,2025-08-20,230.36813372497556,225.80945422268346,-1.9788672281099817,-66.97084443949038,3,stop
PDD,2025-08-19,2025-08-21,118.12083305358885,122.88622308502197,4.034334933339956,136.78122407526968,3,zaman
ADI,2025-08-21,2025-08-22,240.18069351692074,249.61809512913763,3.9292923482011854,134.24637889136895,2,hedef
TXN,2025-08-21,2025-08-22,194.65864754467177,202.72021871556504,4.141388668100787,141.4927633289489,2,hedef
PCAR,2025-08-25,2025-08-27,98.00412579534294,96.68598503308405,-1.344984970338392,-46.872174493401175,3,stop
MCHP,2025-08-25,2025-08-27,67.41570893318985,64.8003688342136,-3.879422378496522,-135.1962785225365,3,stop
INTC,2025-08-25,2025-08-27,24.938953632785793,24.835090381240843,-0.41646996531725655,-10.367086985506468,3,zaman
APP,2025-08-27,2025-08-29,469.28139999999996,478.30284234008786,1.922395036344482,52.80350385132695,3,zaman
CRWD,2025-08-29,2025-08-29,111.1191315,106.96925672869212,-3.734617716399158,-128.86190710145786,1,stop
CSCO,2025-09-02,2025-09-02,66.51048626191051,66.20023646533194,-0.4664674910913269,-15.928305273792805,1,stop
BKR,2025-08-29,2025-09-03,44.82636551401195,43.878138193964546,-2.115333931659036,-72.98898717077545,3,stop
BIIB,2025-09-04,2025-09-04,141.86506677856445,137.48571348123056,-3.0869849757795387,-104.82185231467541,1,stop
BKR,2025-09-05,2025-09-05,45.32881504951697,44.57579796208244,-1.6612326764155139,-55.97358554820514,1,stop
AMZN,2025-09-05,2025-09-09,235.33111644287106,238.09706148986817,1.1753418284863981,39.60197588162075,3,zaman
ROST,2025-09-05,2025-09-09,151.19493303042802,148.0236153633905,-2.0975026103548733,-70.67326778787508,3,stop
BIIB,2025-09-05,2025-09-09,140.2140828857422,143.5138460998535,2.3533750292402678,79.29463487945651,3,zaman
GEHC,2025-09-09,2025-09-10,77.83861945244506,76.2533658869075,-2.036590032928387,-67.48092650891593,2,stop
CCEP,2025-09-10,2025-09-10,88.50136065175788,87.36089427968736,-1.2886427549493984,-43.12126089534413,1,stop
WBD,2025-09-11,2025-09-11,12.597554152679443,13.191726649126984,4.716570290123845,157.52460882584518,1,hedef
TSLA,2025-09-12,2025-09-12,370.8764399749145,387.5730903154195,4.501944189723761,152.12941677592616,1,hedef
ORLY,2025-09-12,2025-09-15,107.49445830535888,106.01859014593751,-1.3729713909798713,-46.39536346020681,2,stop
CEG,2025-09-16,2025-09-17,330.3923277901446,317.283533266523,-3.967644954500238,-135.12319836036855,2,stop
MNST,2025-09-17,2025-09-18,33.20991262588501,32.41182371214332,-2.403164750031994,-81.16760783036649,2,stop
META,2025-09-17,2025-09-19,777.2949220098526,774.760267590332,-0.3260865789482814,-11.013671683752582,3,zaman
TTWO,2025-09-18,2025-09-22,251.24065033569335,251.48901539001463,0.09885544158139137,3.310663646426599,3,zaman
QCOM,2025-09-19,2025-09-23,165.6229491296997,165.97193603210448,0.21071168231130422,7.054636861279338,3,zaman
NVDA,2025-09-23,2025-09-23,181.64400891799053,177.8997738314898,-2.0613039256313748,-68.71710982438921,1,stop
SHOP,2025-09-22,2025-09-24,153.2719006713867,148.59954823872195,-3.048407706956169,-102.22346889637339,3,stop
CEG,2025-09-23,2025-09-25,345.02931831381966,332.9378333596897,-3.5044804346546,-116.82787963052158,3,gap-stop
BKR,2025-09-24,2025-09-26,48.44661546510314,49.84235334143706,2.880981185030951,94.8163808510188,3,hedef
AEP,2025-09-30,2025-09-30,106.57956012662059,108.71334804783797,2.002061106916142,66.18284135725011,1,hedef
TTWO,2025-09-29,2025-10-01,257.55503544982906,255.24675390014647,-0.8962284684712496,-29.603810552576018,3,zaman
FAST,2025-09-30,2025-10-01,47.78137645889469,46.9061533227088,-1.8317244103229657,-60.410137207406365,2,stop
ROST,2025-09-30,2025-10-02,149.98248520094225,154.73928925976415,3.1715730356440375,104.84381038413211,3,hedef
AEP,2025-10-01,2025-10-03,109.62691535946881,110.5616978012085,0.8526942846786456,28.18143467928284,3,zaman
AMD,2025-10-03,2025-10-03,170.68099289360043,164.0290779347335,-3.897279272926202,-129.75149134431837,1,stop
AMGN,2025-10-02,2025-10-06,290.43236859703694,286.00956564941407,-1.522834031546716,-50.66999017506985,3,zaman
MAR,2025-10-07,2025-10-07,270.34229547654195,264.4816334928415,-2.1678672119616493,-71.04478723072542,1,stop
CEG,2025-10-06,2025-10-08,360.0046464572753,368.7162289978027,2.4198528064168334,74.25296026428052,3,zaman
PANW,2025-10-07,2025-10-09,213.35793372497557,215.04089617004394,0.7887976864444868,25.850275096336723,3,zaman
CSCO,2025-10-09,2025-10-09,69.07341033033319,67.89085899626954,-1.7120210633994604,-56.378702241461966,1,stop
PEP,2025-10-10,2025-10-10,139.8540039918823,142.63575737918558,1.9890409340477255,65.06169154104046,1,hedef
ZS,2025-10-09,2025-10-13,312.732540435791,312.8521845397949,0.0382576446432914,1.259865548337079,3,zaman
CEG,2025-10-14,2025-10-15,372.8406016344827,401.2997911407214,7.633071447014483,251.51718013167218,2,hedef
ARM,2025-10-14,2025-10-16,171.69795822143553,171.0872884399414,-0.3556651388402443,-10.311994333691988,3,zaman
ROST,2025-10-15,2025-10-17,154.3785532793665,154.92687027282713,0.35517692180233595,11.914522277270713,3,zaman
AMAT,2025-10-16,2025-10-20,227.5963028615112,226.73901224670408,-0.37667159089520563,-12.18787111109816,3,zaman
GILD,2025-10-20,2025-10-22,119.70520903004306,118.4595670135498,-1.0405913214525553,-34.920316681092146,3,zaman
AAPL,2025-10-21,2025-10-22,261.0727280480898,255.77198225855926,-2.0303713180467198,-68.32237333602203,2,stop
KLAC,2025-10-21,2025-10-22,113.53696538610612,110.71810368815197,-2.4827699845314855,-83.5456727953672,2,stop
SHOP,2025-10-22,2025-10-24,162.58749949645994,172.25216991574564,5.944288736352776,197.08621671088872,3,hedef
BKR,2025-10-24,2025-10-24,47.210540227205804,46.803052475294486,-0.8631287630902706,-27.824832279463592,1,stop
QCOM,2025-10-23,2025-10-27,164.99500674632006,172.1134560555979,4.314342263837401,143.72291418856943,3,hedef
AAPL,2025-10-24,2025-10-27,260.07370761218255,266.2218155947198,2.3639867478281396,79.52403544023115,2,hedef
BIIB,2025-10-28,2025-10-30,150.10000050354003,140.01594609985352,-6.718224097173586,-228.87383129069215,3,gap-stop
ROST,2025-10-28,2025-10-30,158.8937063015407,156.46551158354458,-1.5281881041833145,-52.061714714822166,3,stop
PDD,2025-10-28,2025-10-30,136.93211610717773,135.92838851013184,-0.7330110901523468,-24.971935165472466,3,zaman
PANW,2025-10-28,2025-10-30,221.3127006713867,218.13904226989746,-1.4340154866220756,-48.85347880721334,3,zaman
XEL,2025-10-31,2025-10-31,78.78114611503077,77.57645913047165,-1.5291564593387874,-50.73849172589057,1,stop
MRVL,2025-11-03,2025-11-04,93.30910253652179,87.57882487315811,-6.141177556734956,-202.48472095191406,2,gap-stop
APP,2025-10-31,2025-11-04,621.9329335571289,608.3147846801758,-2.1896490991503703,-57.232867264773155,3,zaman
MELI,2025-10-31,2025-11-04,2373.987348100341,2271.7683889521372,-4.305792077198689,-134.51765813405427,3,stop
ZS,2025-11-03,2025-11-05,331.9290489929199,321.7011856866776,-3.081340225350526,-101.5968533597858,3,stop
GILD,2025-11-06,2025-11-07,119.06074199425842,116.42893560386065,-2.2104737013353137,-70.32462939518011,2,stop
MRVL,2025-11-06,2025-11-07,93.2836338763504,88.45988552003067,-5.171055367240207,-128.6737738437147,2,stop
MAR,2025-11-06,2025-11-10,280.8313212758548,290.6895189199323,3.51036259035864,111.67965855488306,3,hedef
LRCX,2025-11-11,2025-11-11,163.513263329243,159.1137663863504,-2.6906055529171136,-85.01232783788016,1,stop
CRWD,2025-11-11,2025-11-13,138.8882756713867,135.12463622959922,-2.7098323624467513,-85.61981778869718,3,stop
MNST,2025-11-12,2025-11-13,35.92654177856445,35.074742437253505,-2.3709472137926957,-74.08174688541588,2,stop
ADI,2025-11-13,2025-11-14,236.82186155270045,231.1583816313519,-2.391451483497553,-73.97467244566718,2,gap-stop
AZN,2025-11-13,2025-11-17,174.07072966243632,178.47405618611538,2.5296191566601234,78.24860751619327,3,hedef
MNST,2025-11-14,2025-11-18,35.69640423660278,36.428130762481686,2.0498605994846875,63.342794858563664,3,zaman
MNST,2025-11-25,2025-11-28,36.74203322143554,37.47250193252563,1.9881009488172063,61.93578657899571,3,zaman
ADI,2025-11-26,2025-11-28,250.30156221153254,260.57982269457216,4.106350912166246,128.6033062216467,2,hedef
CTSH,2025-11-26,2025-12-01,75.35133611585378,76.00700361175537,0.8701471396518778,27.251397031606523,3,zaman
INTC,2025-12-01,2025-12-02,39.88391661071777,43.39025022326612,8.791347266045868,278.7073171014708,2,hedef
ASML,2025-12-02,2025-12-03,1085.0512514098416,1129.8085113077038,4.124898233121033,133.68932405037665,2,hedef
NXPI,2025-12-03,2025-12-03,212.7979377420959,222.01381590621415,4.330811784129018,142.43881645994796,1,hedef
FANG,2025-12-02,2025-12-04,153.4721547695554,156.7370780517578,2.1273717614148424,68.94882654407152,3,zaman
MRVL,2025-12-04,2025-12-08,99.32389951019819,90.26327385264845,-9.122301583235181,-276.5054248595976,3,gap-stop
CDNS,2025-12-04,2025-12-08,337.07211711425776,337.0876345397949,0.0046035921541065505,0.1531253505736366,3,zaman
VRTX,2025-12-05,2025-12-08,458.0546667785644,445.67597886760296,-2.7024477226744725,-89.79109054946281,2,stop
CSCO,2025-12-09,2025-12-11,77.4042667279976,77.78242697601318,0.48855220002854693,15.800666703081106,3,zaman
PEP,2025-12-11,2025-12-15,145.8017381234552,146.66466443481445,0.5918491250279656,19.167743136894142,3,zaman
SBUX,2025-12-19,2025-12-22,87.6809489503605,85.50166782437384,-2.4854670850111726,-80.60180805091177,2,stop
MNST,2025-12-22,2025-12-24,38.1528790687561,38.68677308502197,1.399354463666369,44.98560041553628,3,zaman
MAR,2025-12-22,2025-12-24,309.08739142132623,313.1079208984375,1.3007743404294336,41.8165062739188,3,zaman
LRCX,2025-12-22,2025-12-24,172.72264195317075,176.69919942321778,2.3022792061767827,60.656759025157264,3,zaman
REGN,2025-12-23,2025-12-26,774.8284602595463,781.4753523315429,0.8578533717992443,27.902418479111674,3,zaman
ISRG,2025-12-26,2025-12-30,578.5569479858398,572.2864268798828,-1.0838208974564778,-35.409579901835194,3,zaman
SNPS,2026-01-06,2026-01-07,495.8973661071777,515.1513234830718,3.8826496553185486,126.48746376731461,2,hedef
AZN,2026-01-07,2026-01-08,187.7761469542088,184.91128709907318,-1.525678261911645,-50.29938307854691,2,stop
NXPI,2026-01-08,2026-01-08,233.38553408940902,228.83977587747256,-1.9477463458360655,-64.12495839862731,1,stop
ISRG,2026-01-07,2026-01-09,593.2457486572265,581.0360046900074,-2.05812582641427,-67.85340130425084,3,stop
AMZN,2026-01-07,2026-01-09,239.75376661071775,247.2315768798828,3.118954239958449,99.16953857896088,3,zaman
GEHC,2026-01-09,2026-01-09,87.56046936345928,85.93092976391937,-1.8610448429367987,-60.973941119421035,1,stop
GOOGL,2026-01-09,2026-01-13,326.6280666608276,335.98675596614805,2.865243455957689,93.87478568258432,3,hedef
GEHC,2026-01-12,2026-01-13,86.53094047715851,85.01188416907605,-1.7555065271519177,-57.31495576855097,2,stop
HON,2026-01-12,2026-01-14,214.43104548218173,221.1544492495064,3.135461916070059,102.36866582608849,3,gap-hedef
MNST,2026-01-14,2026-01-14,39.043412458038325,38.536619088364304,-1.298025294839933,-42.73367469396946,1,stop
GOOG,2026-01-13,2026-01-15,333.9408148684387,332.3098632751465,-0.48839540441761864,-15.664737648182586,3,zaman
AZN,2026-01-15,2026-01-15,188.74662415544094,187.23905772736583,-0.7987249757821169,-26.1500508176108,1,stop
TXN,2026-01-15,2026-01-20,191.31575593002316,185.47192500734468,-3.054547647824657,-100.00510643505616,3,stop
AEP,2026-01-20,2026-01-21,116.5949611087662,115.45450144769168,-0.9781380346365331,-31.751891736844875,2,stop
EXC,2026-01-20,2026-01-22,43.431918899607815,43.37010718002319,-0.14231864755389623,-4.6198860787011045,3,zaman
ON,2026-01-22,2026-01-23,63.48371846409987,60.933612757268655,-4.016944452101223,-129.88187708108669,2,stop
AMGN,2026-01-22,2026-01-26,337.45157439775807,342.4725242248535,1.4879023267430957,48.10909122968347,3,zaman
FAST,2026-01-22,2026-01-26,44.13147405943977,42.737150974571556,-3.159475441473414,-101.83676351143882,3,stop
GILD,2026-01-23,2026-01-26,129.01772648705213,133.9567072735439,3.8281412337454634,122.39605228759235,2,hedef
CMCSA,2026-01-27,2026-01-27,28.630072570927826,28.02846698008785,-2.1013065522260455,-67.61080317651864,1,stop
TXN,2026-01-27,2026-01-28,191.58413920286736,200.5647687070397,4.687564190615379,150.82519946137796,2,hedef
AMGN,2026-01-28,2026-01-28,342.2071907843192,336.5844980132487,-1.6430668093746381,-54.03832619894631,1,stop
ON,2026-01-29,2026-01-29,63.78825,62.54200874501784,-1.9537160135011722,-62.89316233381556,1,stop
CSCO,2026-01-28,2026-01-30,77.95673297096575,77.26148423614502,-0.8918392399533515,-29.3314304023719,3,zaman
FANG,2026-01-30,2026-02-02,159.94553194479315,155.28172112347883,-2.9158744008704662,-93.37467525922888,2,stop
GOOG,2026-01-30,2026-02-03,334.007091255516,339.83061666870117,1.743533465500624,55.832950519445944,3,zaman
CSCO,2026-02-03,2026-02-03,79.81354440581956,81.8820213546548,2.5916365000880903,80.5717140152849,1,hedef
CMCSA,2026-02-02,2026-02-04,28.903295413124305,30.21462527489982,4.5369562294964805,145.47400390429056,3,hedef
GOOGL,2026-02-02,2026-02-04,335.76854769397045,329.1127940250059,-1.982244529654642,-63.356395968928574,3,stop
ON,2026-02-10,2026-02-11,64.7788418624878,69.19845386505126,6.822616575865004,220.58099056697526,2,gap-hedef
CTAS,2026-02-11,2026-02-12,198.07716447193462,194.0401144102744,-2.0381198773835485,-67.01807352812061,2,stop
LIN,2026-02-13,2026-02-13,469.8283650064202,481.3156936973477,2.445005356534935,79.98775590257192,1,hedef
LRCX,2026-02-26,2026-02-26,245.44918821908968,237.2221581029252,-3.351826166489902,-110.32444090163494,1,stop
GFS,2026-02-26,2026-02-26,48.63698396376552,46.54249606901657,-4.306368783700365,-133.43909711294774,1,stop
NVDA,2026-02-26,2026-02-26,193.93275514821636,189.12437427331147,-2.4794062618406,-81.6089785145491,1,stop
MU,2026-03-18,2026-03-19,464.0105361309814,424.47138449331203,-8.52117539557511,-184.61228127153893,2,gap-stop
ASML,2026-04-09,2026-04-13,1408.066698267892,1494.099828076172,6.110018077560664,193.31953192455418,3,zaman
ADI,2026-04-09,2026-04-13,344.21314282091663,347.7848561523437,1.0376458325082938,32.83086958133088,3,zaman
ON,2026-04-09,2026-04-13,68.52109135894774,70.97738464508056,3.5847258667634607,100.23224536140461,3,zaman
AEP,2026-04-09,2026-04-13,132.53180945177414,132.40241393432618,-0.09763355528247253,-3.0891026782155175,3,zaman
XEL,2026-04-17,2026-04-21,79.90704909566549,78.19699318338952,-2.1400563925576432,-69.44054591766728,3,stop
ISRG,2026-04-23,2026-04-27,484.79069999999996,470.70739624023435,-2.905027625275325,-93.7580143194333,3,zaman
CDNS,2026-04-28,2026-04-28,329.89783221435545,324.2781297903887,-1.7034675209127492,-54.57910239074715,1,stop
BIIB,2026-04-30,2026-04-30,194.1364162750244,188.09718641707408,-3.110817627021001,-99.24613820160273,1,stop
MDLZ,2026-04-30,2026-05-04,60.04780820896599,60.29999136886597,0.419970632437372,13.398555757641395,3,zaman
AAPL,2026-05-04,2026-05-06,279.32929509046465,286.82566505126954,2.683703461313325,85.05660934017834,3,zaman
AMAT,2026-05-07,2026-05-07,425.63098521806353,411.5581893129299,-3.306337271926685,-105.47737169465749,1,stop
ASML,2026-05-07,2026-05-11,1547.6676591945377,1562.8493250976562,0.9809383696122165,30.665126424296467,3,zaman
AMAT,2026-05-11,2026-05-12,436.8689527185058,417.0903653784292,-4.527350185221513,-128.50404610694721,2,stop
NVDA,2026-05-11,2026-05-13,213.67999685730038,224.50015400698882,5.063720193198229,160.61757872068875,3,hedef
BIIB,2026-05-12,2026-05-14,198.58908322143554,192.31654295617847,-3.1585524055533942,-100.60336575128235,3,stop
VRTX,2026-05-13,2026-05-15,446.73788322143554,437.1603315272903,-2.1438861699127343,-68.74002298901634,3,stop
KDP,2026-05-19,2026-05-20,29.088081845088606,28.288385212490795,-2.749224362254865,-86.24721326307095,2,stop
ROST,2026-05-26,2026-05-28,235.20900113388058,227.4685683666753,-3.290874384011966,-102.52999953003022,3,stop
MDB,2026-05-29,2026-05-29,327.5047776747436,307.1207393755221,-6.224043033492965,-124.69289868947294,1,stop
TSLA,2026-05-28,2026-06-01,437.88256711425777,424.4771629114959,-3.0614153678476974,-94.47964818381143,3,stop
LRCX,2026-05-28,2026-06-01,317.0800508584162,316.37051904907224,-0.22377056122675487,-6.650835635614147,3,zaman
KDP,2026-05-28,2026-06-01,29.541813818070874,29.75268363189697,0.7138011739045824,22.0289231222844,3,zaman
AVGO,2026-06-01,2026-06-02,447.74798873822016,486.83830026006405,8.730427049377187,259.6455150511851,2,gap-hedef
PCAR,2026-06-05,2026-06-09,117.37976227698773,119.30228465118408,1.6378652818018757,50.83795588764002,3,zaman
MAR,2026-06-08,2026-06-10,391.94900433111604,385.2154482788086,-1.7179673829759157,-53.40914698022117,3,zaman
CSX,2026-06-09,2026-06-11,47.15924978252906,47.21232866134643,0.11255242409948796,3.5102955078445657,3,zaman
ASML,2026-06-10,2026-06-11,1745.2506444372066,1892.3198913638746,8.426826679333143,260.3256487933244,2,hedef
MDLZ,2026-06-12,2026-06-15,62.280547718709634,60.99321324684798,-2.0669928557403017,-65.50779451835098,2,stop
LRCX,2026-06-12,2026-06-16,358.971173470297,368.46714147949217,2.645328848384798,66.37817613281568,3,zaman
CSX,2026-06-12,2026-06-16,47.50536255636977,46.74389422302246,-1.6029102660647054,-50.79994159104867,3,zaman
ASML,2026-06-15,2026-06-17,1871.5710510073238,1864.2981079833983,-0.38860095746892087,-9.840781255528597,3,zaman
SBUX,2026-06-16,2026-06-17,101.23948768821427,98.29764400598317,-2.9058263227200953,-91.06631935498513,2,stop
ADI,2026-06-22,2026-06-23,435.5672050361938,414.68132568040295,-4.7950991521630515,-126.77201795804837,2,stop
CSCO,2026-06-22,2026-06-24,118.76532407576214,118.75183386993407,-0.01135870754620516,-0.35570049580555,3,zaman
ABNB,2026-06-29,2026-07-01,146.23768389282225,147.2216115600586,0.6728277151581974,20.85591444261763,3,zaman
DASH,2026-06-29,2026-07-01,183.52004966430664,188.75667312011717,2.8534339792242402,71.88306958811228,3,zaman
CDW,2026-07-02,2026-07-06,137.8345983780411,132.0551318394685,-4.193044857083839,-126.6544171681792,2,stop
EXC,2026-07-06,2026-07-06,47.2288952041948,46.493769928162116,-1.556515927070401,-48.24363092122158,1,stop
AAPL,2026-07-06,2026-07-08,307.27940011488124,312.9320926208496,1.8395937065273538,57.01752116969687,3,zaman
CRWD,2026-07-16,2026-07-20,207.29430016784667,198.37091148986815,-4.3046956287525635,-98.97666984033305,3,zaman
PCAR,2026-07-23,2026-07-27,130.37317574631336,133.00774814758302,2.0207933006066714,62.01230901450623,3,zaman
AMGN,2026-08-05,2026-08-05,389.9265220752868,403.07280561954934,3.371477137357748,103.98357700566693,1,hedef
MDB,2026-08-05,2026-08-06,381.2386157714844,357.7852,-6.1518993095763586,-139.97071645737316,2,gap-stop
FTNT,2026-08-05,2026-08-06,169.23292211851498,159.9739653198242,-5.471132143074775,-141.35077244278267,2,gap-stop
CRWD,2026-08-05,2026-08-07,212.4034668875427,214.29134617004394,0.888817546231846,21.4792137626928,3,zaman
DASH,2026-08-06,2026-08-07,208.43133810639952,219.07977220265207,5.108845048443134,141.27347361542877,2,hedef
PANW,2026-08-07,2026-08-10,361.50421264965814,382.6206732269249,5.841276488175029,147.51329739071895,2,hedef
TTWO,2026-08-11,2026-08-12,253.5220171142578,244.77487161721552,-3.450250828944812,-107.55971438052876,2,stop
AXON,2026-08-12,2026-08-12,629.3273822143555,597.0804056946931,-5.1240383671528615,-124.30909078135879,1,stop
FTNT,2026-08-11,2026-08-13,163.33794949645994,165.3407384399414,1.2261626582528162,38.224961559121844,3,zaman
ADBE,2026-08-24,2026-08-26,275.16499999999996,273.3059192199707,-0.6756240001560054,-20.735138848946388,3,zaman
FTNT,2026-08-28,2026-08-28,172.68354983215332,165.9265309632891,-3.9129487872075597,-119.88693948660665,1,stop
ADSK,2026-08-28,2026-08-28,261.3166996643066,260.7204709315202,-0.22816327221044652,-6.9905838016551645,1,stop
CRWD,2026-08-28,2026-08-28,228.36693372497558,216.22178873165132,-5.318258994513969,-123.87810578684716,1,stop
ADBE,2026-08-28,2026-09-01,288.39293322143556,285.90833858032227,-0.8615310414716526,-26.396031599599564,3,zaman
CRWD,2026-09-01,2026-09-01,228.1368,218.54929685913845,-4.202523722986184,-120.69428973478168,1,stop
FTNT,2026-08-31,2026-09-02,166.69996610717772,158.89602764732524,-4.681427742363809,-122.0050247695758,3,stop
VRTX,2026-09-03,2026-09-08,559.3353999999999,529.3222306396484,-5.365862657781273,-157.42844033369943,3,gap-stop
AMD,2026-09-18,2026-09-21,547.6984171142577,583.5296768798828,6.542151418734177,153.39126230777063,2,gap-hedef
ZS,2026-09-18,2026-09-22,198.57642563754268,210.05388468017577,5.779869894315981,120.27182634186622,3,zaman
QCOM,2026-09-22,2026-09-24,192.1152,194.14343851013183,1.0557407795592555,31.28453185551357,3,zaman
BIIB,2026-09-23,2026-09-25,226.6226926937713,227.4634460998535,0.3709925939404002,11.065630498019043,3,zaman
GILD,2026-09-23,2026-09-25,153.52540816868589,148.98061646319172,-2.960286352406616,-88.29673551198393,3,stop
PLTR,2026-09-24,2026-09-28,189.3135169464111,187.36750773010252,-1.0279293563910996,-30.047334071060952,3,zaman
DDOG,2026-09-28,2026-09-28,257.1542,255.41014426974698,-0.6782139783262475,-20.08997031280481,1,stop
QCOM,2026-09-28,2026-09-28,199.27949966430663,193.20693057822166,-3.04726231063126,-90.13216289489212,1,stop
AMGN,2026-09-25,2026-09-29,408.315050712799,421.62969203715784,3.260874489224763,96.61170019860214,3,hedef
BIIB,2026-09-29,2026-10-01,227.1562162750244,222.83158416881426,-1.903814113972646,-56.05196316163953,3,stop
ASML,2026-09-30,2026-10-02,1829.697135571289,1866.1896725585937,1.9944577863653112,58.565478693119616,3,zaman
