day,start,end,ret_pct
2026-07-10,10000.0,10000.0,0.0
2026-07-13,10000.0,10000.0,0.0
2026-07-14,10000.0,9998.753816549406,-0.012461834505939073
2026-07-15,9998.753816549406,9974.664590431485,-0.24092228451559894
2026-07-16,9974.664590431485,9853.039717344534,-1.2193379735657706
2026-07-17,9853.039717344534,9852.820111600866,-0.0022288121226399227
2026-07-20,9852.820111600866,9882.802498603887,0.30430259218596767
2026-07-21,9882.802498603887,9848.817408983261,-0.3438810967377637
2026-07-22,9848.817408983261,9806.794215310816,-0.4266826353600095
2026-07-23,9806.794215310816,9809.475475431382,0.027340842090683992
2026-07-24,9809.475475431382,9743.83526364931,-0.6691510870940443
2026-07-27,9743.83526364931,9780.284898754733,0.37407893420986493
2026-07-28,9780.284898754733,9687.144015937842,-0.9523330228217608
2026-07-29,9687.144015937842,9657.354780202995,-0.3075130883347654
2026-07-30,9657.354780202995,9637.501850704055,-0.2055731610858702
2026-07-31,9637.501850704055,9730.68611880824,0.966892349778159
2026-08-03,9730.68611880824,9768.919524265544,0.3929158231031904
2026-08-04,9768.919524265544,9862.045605237117,0.9532894680957638
2026-08-05,9862.045605237117,9838.433443638449,-0.23942458333522376
2026-08-06,9838.433443638449,9702.456837177684,-1.382096115603526
2026-08-07,9702.456837177684,9637.651345253851,-0.6679286804504247
2026-08-10,9637.651345253851,9711.768626782587,0.769038833981428
2026-08-11,9711.768626782587,9660.797928912843,-0.524834351275405
2026-08-12,9660.797928912843,9628.7460661601,-0.3317724166118641
2026-08-13,9628.7460661601,9554.001145830473,-0.776268475833175
2026-08-14,9554.001145830473,9504.948176191014,-0.5134285509361347
2026-08-17,9504.948176191014,9470.289637344553,-0.3646367997384492
2026-08-18,9470.289637344553,9459.750938968198,-0.11128169021142886
2026-08-19,9459.750938968198,9485.701928180204,0.27433057571424335
2026-08-20,9485.701928180204,9417.860978707058,-0.7151916641150557
2026-08-21,9417.860978707058,9405.254237627747,-0.13385991901785355
2026-08-24,9405.254237627747,9347.537319644154,-0.6136667497268045
2026-08-25,9347.537319644154,9300.98299184161,-0.4980384267063376
2026-08-26,9300.98299184161,9291.736317421413,-0.0994160985812842
2026-08-27,9291.736317421413,9325.47822054521,0.36313883617782317
2026-08-28,9325.47822054521,9333.672336370464,0.08786804956770755
2026-08-31,9333.672336370464,9315.957805365033,-0.18979165292103417
2026-09-01,9315.957805365033,9273.752155387216,-0.4530468134313681
2026-09-02,9273.752155387216,9246.08474528896,-0.29834105586037385
2026-09-03,9246.08474528896,9188.25068264266,-0.6254978646585196
2026-09-04,9188.25068264266,9150.919338897804,-0.40629435389021307
2026-09-08,9150.919338897804,9121.90081994132,-0.3171104222625454
2026-09-09,9121.90081994132,9105.562835723622,-0.179107233680742
2026-09-10,9105.562835723622,9052.847892732108,-0.5789311868201974
2026-09-11,9052.847892732108,9030.303476725881,-0.24903120292484315
2026-09-14,9030.303476725881,9056.255572401218,0.2873889647476924
2026-09-15,9056.255572401218,9098.290576234676,0.46415434610258544
2026-09-16,9098.290576234676,9190.409457730322,1.012485595220114
2026-09-17,9190.409457730322,9178.587587385675,-0.12863268387572901
2026-09-18,9178.587587385675,9212.441665009337,0.3688375504548036
2026-09-21,9212.441665009337,9244.700204265511,0.3501627519520545
2026-09-22,9244.700204265511,9269.52104925635,0.26848728939188327
2026-09-23,9269.52104925635,9276.781528373664,0.07832636744373733
2026-09-24,9276.781528373664,9252.02774783797,-0.26683586823708083
2026-09-25,9252.02774783797,9177.099209949076,-0.8098607130356261
2026-09-28,9177.099209949076,9156.267103602375,-0.2270009931255479
2026-09-29,9156.267103602375,9138.734006274573,-0.19148739469279086
2026-09-30,9138.734006274573,9079.093584869352,-0.6526114160262608
2026-10-01,9079.093584869352,9088.360826093805,0.10207231743815104
2026-10-02,9088.360826093805,9088.360826093805,0.0
