ticker,side,entry_time,exit_time,entry,exit,ret_pct,pnl,reason
ORLY,short,2026-07-14 14:20:00,2026-07-14 15:45:00,85.49867304992675,85.54129186248778,-0.049847338023756294,-1.2461834505941336,kapanış
GOOG,long,2026-07-15 13:55:00,2026-07-15 15:45:00,370.99245100708004,368.33385968017575,-0.7166160173036951,-17.913167845039304,kapanış
GOOGL,long,2026-07-15 14:10:00,2026-07-15 15:45:00,372.08310134277343,369.3732442199707,-0.728293521802903,-18.205776424998376,kapanış
BKNG,long,2026-07-15 14:15:00,2026-07-15 15:45:00,181.09859949645994,181.6809192901611,0.32154847984484647,8.044575565371312,kapanış
PYPL,long,2026-07-15 14:20:00,2026-07-15 15:45:00,55.423233389282224,55.51167117004394,0.15956806442622984,3.9851425867454773,kapanış
AMAT,long,2026-07-16 10:10:00,2026-07-16 12:15:00,588.9131335571288,565.4781384017716,-3.9793636480487615,-50.60643199284123,stop
ROP,long,2026-07-16 11:40:00,2026-07-16 12:25:00,355.1429506713867,349.83475861118984,-1.49466350103864,-37.12330022209713,stop
AAPL,long,2026-07-16 11:55:00,2026-07-16 12:25:00,332.4193332214355,327.8831116752313,-1.3646082200587606,-33.89514087201059,stop
TTD,short,2026-07-17 15:15:00,2026-07-17 15:45:00,18.58384231376648,18.586145763397216,-0.012394905164647696,-0.2196057436689191,kapanış
BIIB,short,2026-07-20 10:35:00,2026-07-20 15:45:00,201.99872312011718,200.9905171142578,0.49911503908856014,10.130443386661014,kapanış
LULU,short,2026-07-20 10:45:00,2026-07-20 15:45:00,115.72052691497802,116.64994983215331,-0.803161670580832,-19.13283112866088,kapanış
AZN,short,2026-07-20 10:45:00,2026-07-20 15:45:00,167.14464812011718,164.57868372497558,1.5351759233700357,37.75533264197301,kapanış
PEP,short,2026-07-20 11:35:00,2026-07-20 15:45:00,135.28877312011718,135.22108338928223,0.05003351665763267,1.2294421030488119,kapanış
LULU,short,2026-07-21 09:45:00,2026-07-21 15:45:00,115.03093847503662,116.12463330535888,-0.9507831934793876,-22.386966728137548,kapanış
WBD,short,2026-07-21 10:15:00,2026-07-21 15:45:00,25.779523076248168,25.900531229019162,-0.4693963981144522,-11.59812289248858,kapanış
MSFT,short,2026-07-22 13:20:00,2026-07-22 15:45:00,387.6172960998535,389.43353221435547,-0.46856425984511674,-11.537009598975127,kapanış
LULU,short,2026-07-22 14:35:00,2026-07-22 15:45:00,112.69234613494872,113.96834152679443,-1.1322822140180655,-27.863949385274264,kapanış
CTSH,short,2026-07-22 14:50:00,2026-07-22 15:45:00,43.03416537246704,43.16087932052612,-0.29444964707077137,-5.985204986376777,kapanış
ROP,short,2026-07-22 15:15:00,2026-07-22 15:45:00,336.4829865600586,336.02149932861323,0.13715024232375805,3.3629702981805187,kapanış
APP,short,2026-07-23 10:25:00,2026-07-23 15:45:00,402.30845780029296,398.9992657714844,0.8225509468287817,11.10852849179802,kapanış
AXON,short,2026-07-23 10:45:00,2026-07-23 15:45:00,491.4949345397949,490.50411744995114,0.20159253335366722,2.9004823860683904,kapanış
CTSH,short,2026-07-23 11:15:00,2026-07-23 15:45:00,42.33458460998535,42.85069576339721,-1.2191241703836786,-24.44085387091457,kapanış
IDXX,short,2026-07-23 11:20:00,2026-07-23 15:45:00,540.7653728393555,537.8825335571289,0.5331035282621466,13.113103113613276,kapanış
DASH,short,2026-07-24 10:45:00,2026-07-24 11:15:00,169.67562984008788,174.0743271794672,-2.5924155068850485,-50.262869418928005,stop
AMZN,short,2026-07-24 09:45:00,2026-07-24 15:45:00,232.16062304992676,232.16921677856445,-0.0037016305886927725,-0.09077763619696742,kapanış
NXPI,short,2026-07-24 13:10:00,2026-07-24 15:45:00,269.1933979797363,269.67672365722655,-0.17954588824151685,-3.5232132472960322,kapanış
ROST,long,2026-07-24 13:20:00,2026-07-24 15:45:00,238.4679919464111,239.28134804992675,0.3410755870743465,8.30502079174865,kapanış
TSLA,short,2026-07-24 14:30:00,2026-07-24 15:45:00,307.14061719970704,311.13646007080075,-1.300981585413541,-20.06837227140244,kapanış
AMZN,short,2026-07-27 12:40:00,2026-07-27 15:45:00,231.62093851013182,231.55384228210448,0.0289681185383861,0.7056514373397625,kapanış
WBD,short,2026-07-27 12:50:00,2026-07-27 15:45:00,25.459715381240844,25.320183305358885,0.5480504153034249,13.347918290099432,kapanış
META,short,2026-07-27 13:40:00,2026-07-27 15:45:00,595.5524271606445,594.456435571289,0.18402940519958166,4.260350879544337,kapanış
GEHC,short,2026-07-27 14:15:00,2026-07-27 15:45:00,61.632996170043945,61.1747825302124,0.7434550781327376,18.13571449844062,kapanış
CSGP,long,2026-07-28 13:40:00,2026-07-28 15:35:00,31.093645763397216,30.31935243393452,-2.4901979502647387,-50.10965411761954,stop
VRSK,long,2026-07-28 12:05:00,2026-07-28 15:45:00,214.85883372497557,212.27255390014648,-1.2037111902690412,-29.431595941626064,kapanış
LULU,long,2026-07-28 13:50:00,2026-07-28 15:45:00,121.20267525177002,120.3377576599121,-0.7136126245243846,-17.472529770199557,kapanış
ABNB,long,2026-07-28 14:20:00,2026-07-28 15:45:00,152.29632483215332,152.5384268798828,0.1589677544722834,3.872897012551982,kapanış
CEG,short,2026-07-29 11:25:00,2026-07-29 14:55:00,256.9457460998535,262.07466970382154,-1.9961115067360646,-48.367391114458016,stop
APP,short,2026-07-29 11:10:00,2026-07-29 15:45:00,405.79638453979493,398.68908221435544,1.7514454529947932,25.44629216659531,kapanış
SNPS,short,2026-07-29 11:30:00,2026-07-29 15:45:00,380.2717,377.2762177856445,0.7877215723272268,15.9965455184597,kapanış
ROP,long,2026-07-29 14:15:00,2026-07-29 15:45:00,408.0546835571289,407.6552539001465,-0.0978863061931956,-2.3623461919418576,kapanış
TEAM,long,2026-07-29 15:15:00,2026-07-29 15:45:00,105.94352525177001,104.50725769500733,-1.3556916794579599,-20.50233611350009,kapanış
ADI,short,2026-07-30 11:15:00,2026-07-30 15:45:00,363.03204999999997,366.23462365722656,-0.8821738073061525,-19.852929498939396,kapanış
NXPI,short,2026-07-31 12:00:00,2026-07-31 14:05:00,243.31393070983884,232.8553799441387,4.298377300135925,79.8849414357319,hedef
CSX,long,2026-07-31 13:40:00,2026-07-31 15:20:00,50.480270763397215,50.48968845748901,0.01865618775289679,0.45202483081779365,günlük-kilit
DASH,long,2026-07-31 14:15:00,2026-07-31 15:20:00,196.99813288574217,196.37211148986816,-0.3177803701505555,-6.833142180741892,günlük-kilit
REGN,long,2026-07-31 14:40:00,2026-07-31 15:20:00,754.9226526855468,760.3785209594727,0.7227055983175523,17.54954374918921,günlük-kilit
HON,long,2026-07-31 15:10:00,2026-07-31 15:20:00,245.42716677856444,245.64251929016112,0.08774599585830156,2.130900269187174,günlük-kilit
DASH,long,2026-08-03 12:25:00,2026-08-03 15:45:00,202.91166728210447,201.39409039001464,-0.7479002624230402,-16.646890683773567,kapanış
PANW,long,2026-08-03 12:45:00,2026-08-03 15:45:00,341.23461677856443,347.03164624023435,1.6988397942732103,35.97360535127727,kapanış
ZS,long,2026-08-03 14:05:00,2026-08-03 15:45:00,155.43320033569336,154.7570960998535,-0.4349805796828865,-7.921425690673425,kapanış
CRWD,long,2026-08-03 14:05:00,2026-08-03 15:45:00,199.9298835571289,202.5933673400879,1.3322089402397541,26.82811648047375,kapanış
CDW,long,2026-08-04 10:10:00,2026-08-04 15:45:00,149.34455788574218,153.40392658179888,2.7181229457067912,66.38281078417293,hedef
TEAM,long,2026-08-04 13:50:00,2026-08-04 15:45:00,109.53627867126464,110.18884425506592,0.5957529247088367,9.109675949743668,kapanış
AXON,long,2026-08-04 13:50:00,2026-08-04 15:45:00,599.9797671142578,604.7719287597656,0.7987205416204013,15.840286153657779,kapanış
KDP,long,2026-08-04 14:05:00,2026-08-04 15:45:00,31.05862491607666,31.081340381240842,0.07313738204945963,1.7933080839996591,kapanış
PCAR,long,2026-08-05 10:00:00,2026-08-05 10:30:00,136.55188322143553,134.483712974755,-1.5145673555645778,-37.337640083213735,stop
CSX,long,2026-08-05 09:55:00,2026-08-05 15:45:00,51.07062491607666,51.14429423751831,0.14424989230641394,3.5564975411907938,kapanış
CEG,short,2026-08-05 12:20:00,2026-08-05 15:45:00,264.96592499999997,263.86821744995115,0.4142825346500012,10.168980943353255,kapanış
HON,long,2026-08-06 09:45:00,2026-08-06 10:05:00,249.87983372497558,245.6781652648724,-1.6814756106839912,-41.35771470703944,stop
NVDA,long,2026-08-06 09:50:00,2026-08-06 10:25:00,223.63910788574216,219.42951215312064,-1.8823164572683848,-46.19988592036484,stop
MAR,long,2026-08-06 10:05:00,2026-08-06 10:55:00,362.5373993286133,357.2073855809716,-1.470196938995083,-35.93329400745583,stop
CSX,long,2026-08-06 11:05:00,2026-08-06 15:45:00,51.10064169464111,50.724548067474366,-0.7359861142530177,-17.875157042081124,kapanış
WDAY,long,2026-08-06 13:25:00,2026-08-06 15:45:00,168.54106644287108,169.41829226989745,0.5204819487265588,9.085756768602376,kapanış
CHTR,long,2026-08-06 13:35:00,2026-08-06 15:45:00,155.41319932861327,157.0956884399414,1.0825908729737765,21.080635479622394,kapanış
DASH,long,2026-08-06 14:25:00,2026-08-06 15:45:00,213.67312516784668,211.4930231201172,-1.0202977309462513,-24.776947032047907,kapanış
NVDA,long,2026-08-07 10:30:00,2026-08-07 15:45:00,223.4639998321533,222.72848055725098,-0.3291444149638334,-7.983773698461665,kapanış
AMZN,long,2026-08-07 10:35:00,2026-08-07 15:45:00,276.5458328857422,274.7150768798828,-0.6620081694074131,-16.0487101897746,kapanış
DASH,long,2026-08-07 11:20:00,2026-08-07 15:45:00,220.97250033569335,217.12963851013183,-1.7390679019894328,-42.2812005614735,kapanış
CTAS,long,2026-08-07 11:40:00,2026-08-07 15:45:00,202.9316835571289,203.05808468017577,0.06228752495973655,1.5081925258761775,kapanış
AXON,long,2026-08-10 09:55:00,2026-08-10 15:45:00,577.2661348999023,591.1651075195313,2.4077235402071517,35.67571008098789,kapanış
PANW,long,2026-08-10 10:05:00,2026-08-10 15:45:00,381.9690342285156,383.07000780029296,0.28823634198542614,6.95498342779684,kapanış
PDD,long,2026-08-10 10:20:00,2026-08-10 15:45:00,92.33036652679442,92.87424230499268,0.5890540660210775,14.212838040561317,kapanış
AMGN,long,2026-08-10 10:30:00,2026-08-10 15:45:00,412.1171171142578,415.0608115600586,0.7142858967890575,17.273749979389123,kapanış
ZS,long,2026-08-11 10:10:00,2026-08-11 15:45:00,178.5670827178955,177.88819812011718,-0.3801846272253995,-8.192141627605643,kapanış
GEHC,long,2026-08-11 10:35:00,2026-08-11 15:45:00,73.07381677856445,72.89483547363281,-0.24493219708778824,-5.952079826012995,kapanış
DDOG,long,2026-08-11 10:45:00,2026-08-11 15:45:00,253.69211728210448,246.75185390014647,-2.7357032044635687,-37.4791837391409,kapanış
BKR,long,2026-08-11 11:45:00,2026-08-11 15:45:00,64.61874983215331,64.63619804992676,0.02700178790020491,0.6527073230151046,kapanış
NVDA,long,2026-08-12 13:05:00,2026-08-12 15:45:00,224.3145006713867,222.76625390014647,-0.6902125215294763,-16.670009246254164,kapanış
MDLZ,long,2026-08-12 13:05:00,2026-08-12 15:45:00,62.18729152679443,62.10771345748901,-0.12796516354330878,-3.0892550996018686,kapanış
DASH,long,2026-08-12 13:10:00,2026-08-12 15:45:00,214.03834966430662,213.9015807800293,-0.06389924258518587,-1.519959815901006,kapanış
AMAT,long,2026-08-12 14:00:00,2026-08-12 15:45:00,552.5113006713867,548.3507846801757,-0.7530191665139463,-10.772638590986574,kapanış
AMAT,long,2026-08-13 10:05:00,2026-08-13 15:40:00,555.808260571289,537.4032761259332,-3.3113909509797868,-49.00273813213182,stop
GILD,long,2026-08-13 11:00:00,2026-08-13 15:45:00,137.5224664428711,137.5474268798828,0.018150079515977247,0.43686902584315945,kapanış
SBUX,long,2026-08-13 11:35:00,2026-08-13 15:45:00,110.20608338928221,108.97957117004394,-1.1129260577257383,-26.765104180277035,kapanış
CCEP,long,2026-08-13 11:35:00,2026-08-13 15:45:00,107.35437491607665,107.38053269500732,0.024365824821881432,0.5860529569389955,kapanış
MDB,long,2026-08-14 09:45:00,2026-08-14 10:15:00,472.5833677856445,461.9789946869485,-2.243915850950118,-49.05296963945909,stop
NVDA,long,2026-08-17 11:20:00,2026-08-17 15:45:00,227.55645016784666,225.51460390014648,-0.8972921954943924,-21.321789542687196,kapanış
CSX,long,2026-08-17 11:25:00,2026-08-17 15:45:00,50.88551254196167,50.554648085021974,-0.6502134702226936,-15.448636704743741,kapanış
GILD,long,2026-08-17 11:40:00,2026-08-17 15:45:00,138.7632006713867,138.8866192199707,0.08894184336110111,2.1118874009700987,kapanış
DASH,long,2026-08-18 12:25:00,2026-08-18 14:10:00,221.51283288574217,217.37807177602969,-1.866601160685455,-44.22485030445229,stop
WBD,long,2026-08-18 10:30:00,2026-08-18 14:45:00,28.031808389282226,28.414814534591063,1.3663269240070663,32.34877927412264,hedef
AXON,long,2026-08-18 12:15:00,2026-08-18 15:45:00,618.8210822143554,619.2282156005859,0.06579177696623972,1.0721367703421338,kapanış
BIIB,long,2026-08-18 13:10:00,2026-08-18 15:45:00,213.3529411071777,213.3769018798828,0.011230579986731826,0.26523588363069944,kapanış
DASH,long,2026-08-19 10:40:00,2026-08-19 15:45:00,219.4215672821045,221.53699617004395,0.9640934180456862,22.800209041526873,kapanış
PAYX,long,2026-08-19 10:45:00,2026-08-19 15:45:00,123.17385847320556,122.4564807800293,-0.5824106690075936,-13.788925961263812,kapanış
VRTX,long,2026-08-19 11:20:00,2026-08-19 15:45:00,546.3326078857422,552.4383575195312,1.1175883602148051,26.402981994673702,kapanış
WDAY,long,2026-08-19 11:35:00,2026-08-19 15:45:00,199.24948288574217,198.04609429016114,-0.6039607120441604,-9.463275862931308,kapanış
NFLX,long,2026-08-20 09:45:00,2026-08-20 10:40:00,81.06360838928222,79.726021822421,-1.6500456782504447,-39.142111806744516,stop
ROP,long,2026-08-20 09:45:00,2026-08-20 15:45:00,410.7763167785644,410.7634037597656,-0.0031435645803767898,-0.07454729150359407,kapanış
INTU,long,2026-08-20 09:45:00,2026-08-20 15:45:00,364.9388332214355,363.31319224853513,-0.44545573803431715,-9.719998662803158,kapanış
ADP,long,2026-08-20 09:45:00,2026-08-20 15:45:00,279.2274335571289,279.19236936035156,-0.01255757585515438,-0.29794408352003604,kapanış
PLTR,long,2026-08-20 12:50:00,2026-08-20 15:45:00,176.13561677856444,174.56519617004395,-0.8915974163787754,-18.606347628572397,kapanış
GEHC,long,2026-08-21 11:55:00,2026-08-21 15:45:00,74.8648916946411,74.71514613494872,-0.20002107303268568,-4.709426646584051,kapanış
MNST,long,2026-08-21 12:40:00,2026-08-21 15:45:00,47.86870415267944,47.93622115249634,0.14104622427535407,3.319610227507583,kapanış
ON,short,2026-08-21 14:30:00,2026-08-21 15:45:00,73.93561535491943,74.33457491607666,-0.5396040314834316,-7.899648859617455,kapanış
TTD,short,2026-08-21 15:20:00,2026-08-21 15:45:00,13.177089419364929,13.212922923660278,-0.27193793071396133,-3.3172758006170726,kapanış
ADBE,long,2026-08-24 11:00:00,2026-08-24 15:45:00,278.4769835571289,276.7138768798828,-0.6331247396912487,-14.447369808735274,kapanış
MELI,long,2026-08-24 11:25:00,2026-08-24 15:45:00,1982.3587459716796,1954.726484399414,-1.3939082231415822,-32.75125328685769,kapanış
DASH,long,2026-08-24 12:05:00,2026-08-24 15:45:00,228.92227466430663,229.56217695007322,0.2795281877680855,6.560143236684914,kapanış
CMCSA,long,2026-08-24 12:05:00,2026-08-24 15:45:00,27.141274999999997,26.94382308502197,-0.727496829010521,-17.078438124686137,kapanış
CEG,short,2026-08-25 11:15:00,2026-08-25 13:45:00,273.03947761840817,278.02784637554726,-1.8269771099220566,-42.61744570232082,stop
AVGO,short,2026-08-25 10:05:00,2026-08-25 15:45:00,357.3504634399414,356.2136,0.31813683099713996,6.9520271211982605,kapanış
GFS,short,2026-08-25 10:30:00,2026-08-25 15:45:00,45.93242308502197,45.91252932052612,0.04331094063779739,0.5718500366547999,kapanış
TXN,short,2026-08-25 11:40:00,2026-08-25 15:45:00,258.80461546020507,259.2954986572265,-0.1896732777151522,-4.237354878442808,kapanış
TMUS,short,2026-08-25 13:50:00,2026-08-25 15:45:00,181.2961557800293,181.85905,-0.3104832628959109,-7.223404379632143,kapanış
LULU,short,2026-08-26 10:55:00,2026-08-26 15:45:00,116.42510574493407,116.8300581375122,-0.3478222244137852,-8.087721483642692,kapanış
ROST,short,2026-08-26 11:25:00,2026-08-26 15:45:00,238.28693468017576,237.35732533569333,0.39012182758997316,9.064378313036896,kapanış
GFS,short,2026-08-26 11:35:00,2026-08-26 15:45:00,45.59262693252563,45.6573790687561,-0.14202326250316588,-1.9739657201604761,kapanış
GOOGL,short,2026-08-26 11:55:00,2026-08-26 15:45:00,341.2651192199707,342.47535100708006,-0.3546309654721247,-8.249365529431604,kapanış
FTNT,long,2026-08-27 11:55:00,2026-08-27 13:55:00,167.33784555358886,171.87935779062911,2.713977954010316,63.043918799897035,hedef
AAPL,long,2026-08-27 11:55:00,2026-08-27 15:45:00,314.8788164428711,313.8415807800293,-0.3294078892188579,-7.652524333855084,kapanış
ROP,long,2026-08-27 12:35:00,2026-08-27 15:45:00,421.3176414428711,420.2277229797363,-0.2586928141442568,-6.02076591801735,kapanış
ADSK,long,2026-08-27 13:00:00,2026-08-27 15:45:00,271.3927489929199,269.5631710998535,-0.6741439850016517,-15.628725424226795,kapanış
ADBE,long,2026-08-28 09:50:00,2026-08-28 15:45:00,291.9050489929199,291.43501936035153,-0.1610214123359488,-3.7540041844509,kapanış
MSFT,long,2026-08-28 10:30:00,2026-08-28 15:45:00,510.9663996643066,513.0270209594727,0.4032792168956467,9.414369260902042,kapanış
ADP,long,2026-08-28 10:35:00,2026-08-28 15:45:00,286.4817835571289,286.82279812011717,0.11903533926451715,2.7782721118094296,kapanış
AAPL,long,2026-08-28 10:45:00,2026-08-28 15:45:00,319.6716989929199,319.63808858032223,-0.010514040718512252,-0.2445213630045235,kapanış
GFS,short,2026-08-31 12:00:00,2026-08-31 15:45:00,44.413334627532954,44.66678338928222,-0.5706591587296694,-8.499869584915713,kapanış
PLTR,long,2026-08-31 12:30:00,2026-08-31 15:45:00,187.30231644287107,186.94776156005858,-0.18929551408972678,-4.199879464821883,kapanış
MELI,long,2026-08-31 12:30:00,2026-08-31 15:45:00,1952.8410459716795,1937.4768306396484,-0.7867622080007131,-18.35680201662001,kapanış
DXCM,long,2026-08-31 12:30:00,2026-08-31 15:45:00,90.29414186248779,90.81047886505127,0.5718388722823597,13.342020060927835,kapanış
MU,long,2026-09-01 11:45:00,2026-09-01 13:45:00,966.1093473144531,935.958454611831,-3.120857156225032,-47.41923917053162,stop
BKR,long,2026-09-01 11:25:00,2026-09-01 15:45:00,64.22851644287108,63.73173845748901,-0.7734539312050592,-18.013660468750107,kapanış
REGN,long,2026-09-01 11:40:00,2026-09-01 15:45:00,816.0493335571289,822.631125,0.806543326759579,18.78295510139567,kapanış
QCOM,long,2026-09-01 12:15:00,2026-09-01 15:45:00,166.4097835571289,166.72889735412596,0.19176384355281684,4.444294560067746,kapanış
ARM,short,2026-09-02 10:50:00,2026-09-02 15:45:00,230.52850049438476,235.84141694641113,-2.3046679437173534,-27.1751027580631,kapanış
KHC,long,2026-09-02 12:00:00,2026-09-02 15:45:00,26.335791694641113,26.330193070983885,-0.021258611558527818,-0.49230734019345906,kapanış
ORLY,short,2026-09-03 10:30:00,2026-09-03 12:00:00,86.77790382995605,87.89055963516415,-1.2821879258438695,-29.638045554346878,stop
KDP,long,2026-09-03 13:15:00,2026-09-03 15:45:00,33.06482516784668,32.87526345748901,-0.5733032290217599,-13.20954663266205,kapanış
BKNG,short,2026-09-03 13:35:00,2026-09-03 15:45:00,195.81243468017578,195.29710067138672,0.26317736645824485,6.06482537167085,kapanış
MSFT,long,2026-09-03 14:05:00,2026-09-03 15:45:00,514.8887651000977,510.1836962402343,-0.9138029762503441,-21.05129583096028,kapanış
QCOM,long,2026-09-04 09:45:00,2026-09-04 15:25:00,170.30211694641113,167.03380503351713,-1.919125828554702,-44.0835230107372,stop
MSTR,long,2026-09-04 11:45:00,2026-09-04 15:45:00,142.2353907684326,142.8842192199707,0.4561652680340478,6.752179265880993,kapanış
INTC,long,2026-09-08 12:50:00,2026-09-08 15:45:00,105.63574639587402,105.02194808502196,-0.581051710045033,-10.746410274167852,kapanış
AMD,long,2026-09-08 14:45:00,2026-09-08 15:45:00,508.1597239929199,504.4321443603515,-0.7335448790153132,-14.820292447670251,kapanış
BKR,long,2026-09-08 14:55:00,2026-09-08 15:45:00,64.24852508392334,64.1514884399414,-0.15103326318415267,-3.4518162346447907,kapanış
PLTR,long,2026-09-09 10:40:00,2026-09-09 15:45:00,171.82303322143554,169.98794234008787,-1.0680121558456657,-19.605213560836123,kapanış
META,long,2026-09-09 13:15:00,2026-09-09 15:45:00,652.1228506103515,653.057942199707,0.1433919373443615,3.2672293431384314,kapanış
FANG,long,2026-09-10 11:35:00,2026-09-10 15:45:00,203.9322835571289,205.13683851013184,0.5906641812626567,13.445824543245758,kapanış
MSFT,long,2026-09-10 12:15:00,2026-09-10 15:45:00,492.0950677856445,491.4743475341797,-0.12613827938938726,-2.874542460245326,kapanış
MELI,long,2026-09-10 13:25:00,2026-09-10 15:45:00,1924.6941630859374,1903.0375456787108,-1.1251978533827756,-25.664415750928057,kapanış
QCOM,long,2026-09-10 13:30:00,2026-09-10 15:45:00,180.53325805358887,177.5404149719238,-1.6577793554119924,-37.62180932358622,kapanış
HON,short,2026-09-11 11:00:00,2026-09-11 15:45:00,202.22859609985352,201.79100016784668,0.2163867724180646,4.897291341750014,kapanış
VRTX,short,2026-09-11 11:15:00,2026-09-11 15:45:00,513.0519693603516,516.1895328857422,-0.6115488708292816,-13.83514794499316,kapanış
BIIB,long,2026-09-11 14:15:00,2026-09-11 15:45:00,219.07136644287107,217.90916929016112,-0.5305107516244134,-11.980657835373124,kapanış
NVDA,short,2026-09-11 15:10:00,2026-09-11 15:45:00,218.73368648986815,218.89125050354002,-0.07203463545115696,-1.6259015676102726,kapanış
MSFT,long,2026-09-14 09:50:00,2026-09-14 12:45:00,499.719665435791,507.5763323479367,1.5722148747726594,35.493943624549466,hedef
MSTR,long,2026-09-14 10:05:00,2026-09-14 15:45:00,135.3911835571289,136.49305195007324,0.8138405795672821,11.69595724279548,kapanış
AMD,long,2026-09-14 12:20:00,2026-09-14 15:45:00,493.22965926513666,496.03719046020507,0.569213781517397,10.974341544457692,kapanış
MSFT,long,2026-09-14 12:50:00,2026-09-14 15:45:00,509.07525100708006,506.3599115661621,-0.533386652669976,-12.106199897978515,kapanış
TXN,long,2026-09-14 12:50:00,2026-09-14 15:45:00,266.0095161071777,263.6517115600586,-0.8863609774656167,-20.10594683848578,kapanış
CEG,short,2026-09-15 10:15:00,2026-09-15 15:45:00,262.6223307800293,260.1459842285156,0.942930688399024,21.04600626795349,kapanış
XEL,short,2026-09-15 11:10:00,2026-09-15 15:45:00,72.76131730499267,72.63855822143555,0.16871476232701577,3.826109533810488,kapanış
CMCSA,short,2026-09-15 11:30:00,2026-09-15 15:45:00,24.49029616127014,24.449660465621946,0.16592570126798822,3.759009859957207,kapanış
ORLY,short,2026-09-15 11:30:00,2026-09-15 15:45:00,85.7335326599121,85.22620729522704,0.5917467167689372,13.40387817173467,kapanış
LRCX,short,2026-09-16 13:10:00,2026-09-16 14:50:00,271.2171768798828,268.823306640625,0.8826396125780844,13.556226448683637,günlük-kilit
GFS,short,2026-09-16 13:20:00,2026-09-16 14:50:00,43.46890193252563,42.86570415267944,1.387653593786431,24.10288115725154,günlük-kilit
MCHP,short,2026-09-16 13:45:00,2026-09-16 14:50:00,71.27720769500732,69.53169186248779,2.448911635243245,53.56070404899414,günlük-kilit
CRWD,long,2026-09-16 14:05:00,2026-09-16 14:50:00,242.2902912750244,242.41946343994138,0.05331297603268226,0.8990698407151985,günlük-kilit
QCOM,long,2026-09-17 12:55:00,2026-09-17 15:45:00,191.06456694641113,190.05589617004392,-0.5279214207468019,-11.821870344646694,kapanış
ZS,long,2026-09-18 13:40:00,2026-09-18 15:45:00,198.45900033569333,199.5302039001465,0.5397606370289187,9.363476214521725,kapanış
ARM,long,2026-09-18 14:15:00,2026-09-18 15:45:00,268.69111677856444,269.7530595397949,0.3952280871665881,5.815635738769836,kapanış
AMGN,long,2026-09-18 14:20:00,2026-09-18 15:45:00,384.6106328857422,385.82836156005857,0.31661336692117015,7.266010208987088,kapanış
AMAT,long,2026-09-18 14:25:00,2026-09-18 15:45:00,435.5611677856445,438.2618789001465,0.6200532357446331,11.408955461383822,kapanış
ADI,long,2026-09-21 12:05:00,2026-09-21 15:45:00,379.3374513427734,383.4098306396484,1.0735505504293474,24.72505455067255,kapanış
REGN,long,2026-09-21 12:10:00,2026-09-21 15:45:00,794.2862835571289,796.8366134399414,0.32108446735239493,7.394990999226534,kapanış
PLTR,long,2026-09-21 12:20:00,2026-09-21 15:45:00,183.1507180908203,182.50043460998535,-0.35505374350347507,-8.180104879370042,kapanış
AMZN,long,2026-09-21 12:25:00,2026-09-21 15:45:00,257.5144013427734,258.4448460998535,0.3613175621357323,8.318598585644915,kapanış
MSTR,long,2026-09-22 10:15:00,2026-09-22 15:45:00,170.88246677856444,168.55380578002928,-1.362726698902772,-21.22388841957738,kapanış
QCOM,long,2026-09-22 10:25:00,2026-09-22 15:45:00,193.86624999999998,197.4714423400879,1.8596286563999254,35.59783605161709,kapanış
FAST,long,2026-09-22 11:00:00,2026-09-22 15:45:00,49.82487516784668,50.05494808502197,0.4617631582622961,10.656337005405739,kapanış
ARM,long,2026-09-22 11:15:00,2026-09-22 15:45:00,331.4887825500488,331.4460020202637,-0.012905573894850253,-0.20943964660755446,kapanış
MAR,long,2026-09-23 10:55:00,2026-09-23 15:45:00,351.91103221435543,352.65827312011714,0.21233801653213202,4.920679284504849,kapanış
CRWD,long,2026-09-23 15:10:00,2026-09-23 15:45:00,261.95706778564454,262.2875403198242,0.1261552272565858,2.3397998328100216,kapanış
BIIB,long,2026-09-24 09:45:00,2026-09-24 15:45:00,227.61648372497558,227.60834812011717,-0.0035742599680310683,-0.08289407212246841,kapanış
FTNT,long,2026-09-24 10:10:00,2026-09-24 15:45:00,180.67334144287108,179.41229226989745,-0.6979719104671434,-16.206507574642433,kapanış
CSGP,short,2026-09-24 11:50:00,2026-09-24 15:45:00,27.458515381240844,27.50149161071777,-0.15651330336048375,-3.1662629369355426,kapanış
PLTR,long,2026-09-24 12:20:00,2026-09-24 15:45:00,192.71556610717772,192.27456539001463,-0.22883502670346667,-5.298115951993192,kapanış
AEP,short,2026-09-25 11:40:00,2026-09-25 14:35:00,116.69494039001464,117.79914787643871,-0.9462342435187177,-21.80518974652205,stop
PLTR,long,2026-09-25 09:45:00,2026-09-25 15:30:00,193.8037125,190.13370410712278,-1.8936729051963863,-43.80078566051483,stop
CEG,short,2026-09-25 11:55:00,2026-09-25 15:45:00,261.1632153198242,263.99830033569333,-1.085560618633541,-25.033492876013224,kapanış
AAPL,long,2026-09-25 12:00:00,2026-09-25 15:45:00,339.6886763427734,341.01526921997066,0.3905319692960818,8.971640428658906,kapanış
LRCX,long,2026-09-25 15:20:00,2026-09-25 15:45:00,315.484190435791,316.6199115600586,0.35999303885838607,6.739289965497327,kapanış
MAR,long,2026-09-28 12:25:00,2026-09-28 15:45:00,356.7639177856445,358.30487702026363,0.43192687315005696,9.90958941585276,kapanış
CDNS,long,2026-09-28 12:30:00,2026-09-28 15:45:00,328.7021078857422,326.42402312011717,-0.6930545046631931,-15.901255595758245,kapanış
DDOG,long,2026-09-28 12:55:00,2026-09-28 15:45:00,271.74794244995115,269.3383,-0.8867196668452926,-16.960874287428755,kapanış
PYPL,long,2026-09-28 13:00:00,2026-09-28 15:45:00,54.072424916076656,54.12250578002929,0.0926181210300081,2.120434120631348,kapanış
SHOP,long,2026-09-29 14:40:00,2026-09-29 15:45:00,149.29452483215331,147.7612960998535,-1.026982559490086,-19.880463251100206,kapanış
AMGN,long,2026-09-29 15:10:00,2026-09-29 15:45:00,422.26321577148434,423.82553858032225,0.3699879010260254,8.46082033251485,kapanış
COST,long,2026-09-29 15:15:00,2026-09-29 15:45:00,926.0352684570312,923.2857228393555,-0.2969158639343217,-6.791938591244504,kapanış
VRTX,long,2026-09-29 15:20:00,2026-09-29 15:45:00,527.7464506713867,527.9030387207031,0.02967107578215611,0.6784841820279361,kapanış
FTNT,long,2026-09-30 10:50:00,2026-09-30 15:45:00,179.1401192047119,179.3023576599121,0.09056511512912646,2.069126243531728,kapanış
VRTX,long,2026-09-30 10:50:00,2026-09-30 15:45:00,528.2517585571288,523.43575,-0.911688125806398,-20.832382242951592,kapanış
AMGN,long,2026-09-30 11:05:00,2026-09-30 15:45:00,424.21436744995117,420.93728843994137,-0.7725054268456488,-17.66063001264177,kapanış
BIIB,long,2026-09-30 11:30:00,2026-09-30 15:45:00,228.38694999999998,226.06427695007324,-1.0169902658303198,-23.21653539315965,kapanış
IDXX,short,2026-10-01 11:15:00,2026-10-01 15:45:00,519.8578809204101,519.436475,0.08106175473652222,1.8399181435164473,kapanış
MRVL,long,2026-10-01 13:20:00,2026-10-01 15:45:00,267.7755592285156,267.9241404602051,0.05548722673478501,1.0063057260757025,kapanış
INTC,long,2026-10-01 13:20:00,2026-10-01 15:45:00,120.57730025177001,120.26779234008788,-0.25668837420963486,-4.454284402061713,kapanış
MSTR,long,2026-10-01 13:20:00,2026-10-01 15:45:00,159.4055835571289,160.4936423400879,0.6825725665807969,10.875301756923628,kapanış
