ticker,yon,entry_time,exit_time,entry,stop,target,exit_px,reason,net,R,risk_pct,ml_olasilik
AAPL,LONG,2024-09-24 12:30:00,2024-09-25 09:30:00,227.5399932861328,225.76903368045566,231.0819124974871,225.25,stop,-0.011264135333137436,-1.4472612869654766,0.0077830696050437045,
AAPL,LONG,2024-10-01 10:30:00,2024-10-01 12:30:00,224.6999969482422,223.93949828741313,226.2209942699003,223.93949828741313,stop,-0.0045845067697274575,-1.3545568325445176,0.003384506769727425,
AAPL,LONG,2024-10-11 10:30:00,2024-10-15 09:30:00,228.74000549316406,227.11140927642836,231.99719792663547,233.58999633789062,hedef,0.020503072170388194,2.879702649857277,0.0071198573822906204,
AAPL,LONG,2024-10-11 14:30:00,2024-10-14 09:30:00,228.19500732421875,227.28603442240893,230.0129531278384,230.0129531278384,hedef,0.007266632683758412,1.8242670328137025,0.003983316341879262,
AAPL,LONG,2024-10-17 10:30:00,2024-10-23 09:30:00,232.41000366210938,229.77678345689534,237.67644407253744,234.72000122070312,zaman,0.00873932069271919,0.7713390434181804,0.01133006395474419,
AAPL,LONG,2024-10-17 15:30:00,2024-10-18 09:30:00,231.7550048828125,230.46535720839978,234.33430023163794,235.8800048828125,hedef,0.017098968363534674,3.0727551215773743,0.005564702583509829,
AAPL,LONG,2024-10-23 10:30:00,2024-10-23 11:30:00,234.72000122070312,232.55248849956675,239.05502666297588,232.55248849956675,stop,-0.010434461102010205,-1.1299480269334563,0.009234461102010226,
MSFT,LONG,2024-09-03 11:30:00,2024-09-03 11:30:00,413.3699951171875,411.97735683347383,416.15527168461483,411.97735683347383,stop,-0.004568987348292829,-1.3561901176649125,0.0033689873482928108,
MSFT,LONG,2024-09-18 12:30:00,2024-09-24 09:30:00,432.57000732421875,428.0891255223545,441.53177092794726,428.0891255223545,stop,-0.011558743616049492,-1.1158441645510657,0.010358743616049547,
MSFT,LONG,2024-09-23 10:30:00,2024-09-24 09:30:00,434.6000061035156,430.3137864169767,443.17244547659345,430.3137864169767,stop,-0.011062447368484406,-1.121673653117242,0.009862447368484382,
MSFT,LONG,2024-10-15 15:30:00,2024-10-16 09:30:00,417.1199951171875,415.15608044111804,421.04782446932643,415.0199890136719,stop,-0.006234537131037408,-1.3241665380600607,0.004708272677069134,
MSFT,LONG,2024-10-24 12:30:00,2024-10-25 09:30:00,423.6300048828125,422.408933945313,426.07214675781154,426.8999938964844,hedef,0.007018974048064542,2.435114880666044,0.002882399554859907,
MSFT,LONG,2024-10-28 11:30:00,2024-10-28 14:30:00,429.0249938964844,426.85237228019344,433.37023712906625,426.85237228019344,stop,-0.006264091013809668,-1.2369625657847796,0.0050640910138096806,
NVDA,LONG,2024-09-16 15:30:00,2024-09-18 11:30:00,116.35600280761719,114.28644953813568,120.4951093465802,114.28644953813568,stop,-0.018986390212314984,-1.067467315496603,0.017786390212315033,
NVDA,LONG,2024-09-26 11:30:00,2024-09-26 12:30:00,123.5250015258789,122.53891010501526,125.4971843676062,122.53891010501526,stop,-0.009182929841592101,-1.150320749876553,0.007982929841592068,
NVDA,LONG,2024-10-10 10:30:00,2024-10-15 10:30:00,134.25999450683594,131.3074347854421,140.16511394962362,131.3074347854421,stop,-0.023191358872307298,-1.0545668872472937,0.02199135887230733,
NVDA,LONG,2024-10-29 09:30:00,2024-10-29 09:30:00,140.25,139.99058419407217,140.76883161185566,139.99058419407217,stop,-0.003049667065439098,-1.6487654034728514,0.001849667065439073,
AMD,LONG,2024-09-17 10:30:00,2024-09-17 12:30:00,152.6699981689453,150.83571868057314,156.33855714568966,150.83571868057314,stop,-0.013214668961627617,-1.0998779079001288,0.012014668961627634,
AMD,LONG,2024-10-01 09:30:00,2024-10-01 09:30:00,164.47500610351562,162.0994811794316,169.2260559516837,162.0994811794316,stop,-0.015643075457853726,-1.083084797521254,0.014443075457853753,
AMD,LONG,2024-10-07 15:30:00,2024-10-10 11:30:00,170.35009765625,168.10816565899773,174.83396165075453,168.10816565899773,stop,-0.014360732092894145,-1.0911803379576341,0.013160732092894173,
AMD,LONG,2024-10-10 09:30:00,2024-10-10 09:30:00,169.75999450683594,169.45810688940966,170.3637697416885,169.45810688940966,stop,-0.002978320141345935,-1.6747941341382113,0.0017783201413458921,
TSLA,LONG,2024-09-16 14:30:00,2024-09-19 09:30:00,227.55999755859375,223.37889827595086,235.92219612387953,235.92219612387953,hedef,0.03604722558885879,1.961901885718842,0.018373612794429353,
TSLA,LONG,2024-09-18 12:30:00,2024-09-18 13:30:00,228.8802032470703,226.41334940713682,233.8139109269373,233.8139109269373,hedef,0.020855851532258475,1.9350524381788012,0.010777925766129222,
TSLA,LONG,2024-09-20 15:30:00,2024-09-23 09:30:00,239.8800048828125,235.7607504856574,248.11851367712268,248.11851367712268,hedef,0.03364429142326767,1.9592363114222975,0.01717214571163382,
TSLA,LONG,2024-09-27 11:30:00,2024-10-01 09:30:00,256.74560546875,251.39410426663687,267.44860787297625,251.39410426663687,stop,-0.022043594157503475,-1.0575716448388064,0.020843594157503465,
TSLA,LONG,2024-10-30 10:30:00,2024-10-31 09:30:00,262.3800048828125,255.32380107778891,276.49241249285967,255.32380107778891,stop,-0.02809306987464657,-1.0446211609754263,0.026893069874646573,
META,LONG,2024-09-16 11:30:00,2024-09-16 15:30:00,522.7849731445312,517.5153033095241,533.3243128145455,533.3243128145455,hedef,0.01945998969255084,1.9305555200498294,0.010079994846275418,
META,LONG,2024-09-24 11:30:00,2024-09-30 10:30:00,563.2296752929688,556.0379255321113,577.6131748146836,573.3499755859375,zaman,0.016768336429902365,1.313230437190737,0.012768769254064196,
META,LONG,2024-09-30 09:30:00,2024-09-30 09:30:00,566.0,564.3275796850185,569.3448406299631,569.3448406299631,hedef,0.005209612420429422,1.7630978310590573,0.0029548062102147292,
META,LONG,2024-10-02 14:30:00,2024-10-03 09:30:00,573.1334838867188,569.1301077403484,581.1402361794594,569.1301077403484,stop,-0.008185067630705055,-1.1717950438625733,0.006985067630705041,
META,LONG,2024-10-09 10:30:00,2024-10-10 12:30:00,586.9500122070312,583.8183921994354,593.213252222223,583.8183921994354,stop,-0.006535411776925314,-1.2249123498189476,0.005335411776925347,
META,LONG,2024-10-10 10:30:00,2024-10-14 09:30:00,587.2000122070312,581.4068149822588,598.7864066565762,598.7864066565762,hedef,0.01903159776682687,1.9290478137379374,0.009865798883413435,
META,LONG,2024-10-11 11:30:00,2024-10-11 14:30:00,585.322021484375,582.4032973520252,591.1594697490746,591.1594697490746,hedef,0.009273054234138968,1.8596217400274693,0.004986527117069513,
AMZN,LONG,2024-09-04 09:30:00,2024-09-04 09:30:00,174.48500061035156,175.19417272624565,,174.48500061035156,stop,-0.0012000000000000001,-0.1420916873959769,0.008445251245809162,
AMZN,LONG,2024-10-22 10:30:00,2024-10-23 11:30:00,190.03500366210938,186.33250086158642,197.44000926315528,186.33250086158642,stop,-0.020683267446381402,-1.0615913117911262,0.019483267446381423,
GOOGL,LONG,2024-09-18 12:30:00,2024-09-19 09:30:00,159.3699951171875,158.32631272804022,161.45735989548206,162.75,hedef,0.020508539790235515,3.131648018800915,0.0065488010361036955,
GOOGL,LONG,2024-09-25 13:30:00,2024-09-27 09:30:00,161.97000122070312,160.64321568690832,164.62357228829273,164.62357228829273,hedef,0.01568310210280114,1.9145460980945301,0.008191551051400587,
GOOGL,LONG,2024-10-17 12:30:00,2024-10-17 12:30:00,164.6999969482422,163.68772169335637,166.72454745801383,163.68772169335637,stop,-0.007346176524847946,-1.1952433346404145,0.0061461765248479894,
GOOGL,LONG,2024-10-28 11:30:00,2024-10-30 09:30:00,166.50010681152344,164.13794989416456,171.22442064624119,180.67999267578125,hedef,0.08446442503132637,5.953599308387167,0.01418711953159774,
NFLX,LONG,2024-09-18 12:30:00,2024-09-18 15:30:00,69.20100402832031,68.83491819274991,69.93317569946112,68.83491819274991,stop,-0.006490180983798742,-1.2268353395989633,0.00529018098379877,
NFLX,LONG,2024-09-27 10:30:00,2024-09-27 11:30:00,70.5719985961914,70.14597776572494,71.42404025712435,70.14597776572494,stop,-0.007236683655569086,-1.1987846421094144,0.006036683655569043,
NFLX,LONG,2024-10-07 10:30:00,2024-10-07 15:30:00,70.64215850830078,69.96959095494346,71.98729361501543,69.96959095494346,stop,-0.010720767308919264,-1.126040261363785,0.009520767308919296,
NFLX,LONG,2024-10-22 14:30:00,2024-10-23 09:30:00,76.57377624511719,75.63179657198346,78.45773559138465,75.63179657198346,stop,-0.013501596177239582,-1.0975483167152145,0.012301596177239546,
AVGO,LONG,2024-09-17 10:30:00,2024-09-19 12:30:00,163.49000549316406,160.29106825251668,169.88787997445883,169.88787997445883,hedef,0.03843312292085203,1.9642246798746026,0.019566561460426016,
AVGO,LONG,2024-09-19 09:30:00,2024-09-24 15:30:00,167.55499267578125,160.58482204079638,181.49533394575099,174.86000061035156,zaman,0.042397673921334623,1.019191970380623,0.0415993013617454,
AVGO,LONG,2024-09-30 10:30:00,2024-10-01 09:30:00,170.4949951171875,168.2509500366884,174.98308527818568,168.2509500366884,stop,-0.014361941081946016,-1.091171962594943,0.013161941081945993,
AVGO,LONG,2024-09-27 15:30:00,2024-09-30 09:30:00,172.7899932861328,171.66091376079711,175.0481523368042,171.0,stop,-0.011559357345240849,-1.7689996437428332,0.006534403433108481,
AVGO,LONG,2024-10-11 10:30:00,2024-10-15 09:30:00,180.19000244140625,176.31013029857453,187.94974672706968,176.31013029857453,stop,-0.022732116600605277,-1.0557307032215417,0.021532116600605312,
AVGO,LONG,2024-10-14 12:30:00,2024-10-15 09:30:00,181.27999877929688,177.29803273441794,189.24393086905474,177.29803273441794,stop,-0.023165832257792916,-1.054630299727174,0.021965832257792865,
AAPL,LONG,2024-11-15 11:30:00,2024-11-18 10:30:00,225.2310028076172,224.12226791331776,228.55720749051548,228.55720749051548,hedef,0.014067969957223848,2.857800360775192,0.004922656652407953,0.6114664047944831
AAPL,LONG,2024-12-09 10:30:00,2024-12-11 09:30:00,244.47999572753906,241.80297530617958,252.51105699161752,249.42999267578125,zaman,0.019047042845005226,1.7394790552267556,0.01094985466354022,0.5931361969488932
AAPL,LONG,2024-12-18 14:30:00,2024-12-18 14:30:00,252.44900512695312,251.02706788387408,256.7148168561903,251.02706788387408,stop,-0.006832572179731787,-1.2130465374803496,0.005632572179731785,0.6932924027589694
MSFT,LONG,2024-11-14 13:30:00,2024-11-15 09:30:00,426.5899963378906,422.9531771060437,437.50045403343137,420.25,stop,-0.016062037066778466,-1.8840376429752967,0.008525327042517626,0.36467022200428884
MSFT,LONG,2024-12-11 09:30:00,2024-12-12 15:30:00,444.04998779296875,439.87590117663257,456.5722476419773,449.4750061035156,zaman,0.011017134240922967,1.1720308596493496,0.009400037678375717,0.4704722364278012
NVDA,LONG,2024-11-15 09:30:00,2024-11-15 09:30:00,144.8699951171875,145.2075533301997,,144.8699951171875,stop,-0.0012000000000000001,-0.08236691486541362,0.01456895650347938,0.3096068475246527
NVDA,SHORT,2024-12-12 09:30:00,2024-12-13 15:30:00,137.10000610351562,142.1901321047091,121.82962809993518,134.22000122070312,zaman,0.019806599231206402,0.533480875493374,0.037127102659282506,0.4656714230344767
AMD,LONG,2024-11-12 09:30:00,2024-11-12 10:30:00,146.96800231933594,144.5954553083209,154.08564335238103,144.5954553083209,stop,-0.017343289515903602,-1.074334292203447,0.016143289515903585,0.34377901991673515
AMD,SHORT,2024-11-18 13:30:00,2024-11-20 10:30:00,140.58999633789062,141.778572786557,137.02426699189152,137.02426699189152,hedef,0.02466261070403123,2.9172009528314704,0.008454203568010426,0.2957034634606142
AMD,SHORT,2024-11-22 10:30:00,2024-11-25 09:30:00,137.47000122070312,140.6351351031116,127.97459957347772,140.6351351031116,stop,-0.02422417876120444,-1.0521191227902527,0.023024178761204495,0.4605848278756414
AMD,LONG,2024-12-04 11:30:00,2024-12-05 13:30:00,142.14999389648438,140.76733181590586,146.2979801382199,140.76733181590586,stop,-0.010926782553261204,-1.1233707028433209,0.009726782553261216,0.49890348413627406
AMD,SHORT,2024-12-12 14:30:00,2024-12-13 10:30:00,130.9949951171875,132.6882579835253,125.91520651817413,125.91520651817413,hedef,0.03807849374679554,2.945846272067399,0.012926164582265184,0.379068501411142
AMD,SHORT,2024-12-18 10:30:00,2024-12-18 11:30:00,125.00969696044922,127.44409859552596,117.706492055219,127.44409859552596,stop,-0.020673702394838588,-1.0616215640800855,0.019473702394838532,0.4930093166227615
TSLA,SHORT,2024-11-05 10:30:00,2024-11-05 12:30:00,251.1793975830078,254.88249400276894,240.07010832372444,254.88249400276894,stop,-0.015942835023072942,-1.081395470960775,0.014742835023072916,0.5960929336540289
TSLA,LONG,2024-12-18 10:30:00,2024-12-18 14:30:00,474.7919921875,455.31983041498205,533.2084775050539,455.31983041498205,stop,-0.0422119843908997,-1.029259739996054,0.04101198439089976,0.3508412965449089
META,SHORT,2024-11-07 09:30:00,2024-11-07 09:30:00,576.4000244140625,574.7033392820816,,576.4000244140625,stop,-0.0012000000000000001,-0.10521763780044922,0.011404931958992115,0.5742333410955094
META,LONG,2024-11-13 10:30:00,2024-11-14 09:30:00,580.4500122070312,575.2900161483732,595.9300003830054,575.2900161483732,stop,-0.010089647601243666,-1.134988478039576,0.008889647601243621,0.8241115955833322
META,LONG,2024-11-13 12:30:00,2024-11-13 15:30:00,584.5,579.2331747882348,600.3004756352956,579.2331747882348,stop,-0.010210821577014827,-1.1331732062102922,0.009010821577014876,0.29905752778758243
META,SHORT,2024-11-21 13:30:00,2024-11-25 09:30:00,562.5700073242188,567.677459390173,547.247651126356,567.677459390173,stop,-0.010278784861366928,-1.1321762789099978,0.009078784861367015,0.321310272270761
META,LONG,2024-12-18 14:30:00,2024-12-18 14:30:00,619.3599853515625,615.4085978468726,631.2141478656323,615.4085978468726,stop,-0.007579791394574896,-1.1880939243594122,0.006379791394574897,0.6983456844196024
AMZN,LONG,2024-11-12 12:30:00,2024-11-14 11:30:00,208.1649932861328,205.25032450023483,216.90899964382677,212.85499572753906,zaman,0.021330216860044306,1.523399321029503,0.01400172401654314,0.412292087366557
GOOGL,LONG,2024-11-14 09:30:00,2024-11-14 09:30:00,178.24000549316406,177.82522236294415,179.4843548838238,177.82522236294415,stop,-0.003527104563716098,-1.5156622606093024,0.0023271045637160534,0.32467114766062427
NFLX,LONG,2024-11-04 10:30:00,2024-11-06 09:30:00,75.93000030517578,74.67906595328746,79.68280336084074,76.822998046875,zaman,0.010560802556434858,0.6410262378057955,0.016474836650343702,0.2872387728442092
NFLX,SHORT,2024-12-16 10:30:00,2024-12-18 09:30:00,92.3479995727539,93.00262581855978,90.38412083533629,91.78800201416016,zaman,0.004863992302860588,0.6861624659632898,0.00708868896819083,0.26027662111417155
NFLX,SHORT,2024-12-18 14:30:00,2024-12-20 13:30:00,90.95100402832031,92.38082742861182,86.66153382744578,91.41799926757812,zaman,-0.006334580362767593,-0.40294238013892625,0.015720809413454002,0.44362497443001814
AVGO,LONG,2024-11-12 10:30:00,2024-11-12 10:30:00,177.58999633789062,176.3798898909405,181.22031567874103,176.3798898909405,stop,-0.008014046240801397,-1.1761068178279463,0.006814046240801385,0.31992632659365666
AAPL,SHORT,2025-02-06 13:30:00,2025-02-11 10:30:00,232.4600067138672,234.2667643219593,227.03973388959085,234.2667643219593,stop,-0.0084723374168015,-1.0900629968131375,0.007772337416801479,
AAPL,SHORT,2025-02-11 09:30:00,2025-02-11 10:30:00,233.22000122070312,234.36130407221867,229.79609266615648,234.36130407221867,stop,-0.005593674837243012,-1.1430417882840629,0.004893674837243046,
AAPL,LONG,2025-02-26 09:30:00,2025-02-26 12:30:00,243.05499267578125,241.4050513740051,248.0048165811097,241.4050513740051,stop,-0.007488345648085725,-1.1031179077036792,0.006788345648085746,
MSFT,LONG,2025-01-07 10:30:00,2025-01-07 11:30:00,426.6199951171875,424.80919565450245,432.05239350524266,424.80919565450245,stop,-0.004944525534223165,-1.1649183152170957,0.004244525534223141,
MSFT,SHORT,2025-02-18 15:30:00,2025-02-19 10:30:00,408.92010498046875,411.02121898858917,402.6167629561075,411.02121898858917,stop,-0.005838201772252771,-1.1362344320108582,0.005138201772252735,
NVDA,LONG,2025-01-27 09:30:00,2025-01-27 09:30:00,124.79000091552734,129.67499401277536,,124.79000091552734,stop,-0.0007,-0.08561212762130681,0.008176411677284222,
NVDA,LONG,2025-02-21 12:30:00,2025-02-21 12:30:00,138.3000030517578,136.42337571279847,143.92988506863583,136.42337571279847,stop,-0.014269250163046109,-1.0515872278562879,0.01356925016304608,
AMD,LONG,2025-01-27 09:30:00,2025-01-27 09:30:00,117.80999755859375,120.358794888465,,117.80999755859375,stop,-0.0007,-0.06905352526151998,0.010137063927568583,
AMD,SHORT,2025-01-30 13:30:00,2025-02-05 09:30:00,118.51000213623047,120.83061481509979,111.5481640996225,107.68499755859375,hedef,0.09114253972245387,4.654504681269007,0.01958157655082747,
AMD,LONG,2025-02-21 10:30:00,2025-02-21 10:30:00,113.61000061035156,112.84742674025841,115.89772222063101,112.84742674025841,stop,-0.0074122072528504885,-1.1042876022194843,0.0067122072528504806,
TSLA,LONG,2025-02-20 09:30:00,2025-02-21 10:30:00,349.1099853515625,346.23012796422495,357.74955751357516,346.23012796422495,stop,-0.00894914069540994,-1.0848573234287868,0.008249140695409968,
META,LONG,2025-01-08 13:30:00,2025-01-10 09:30:00,609.5,600.9063145825628,635.2810562523116,600.9063145825628,stop,-0.014799565902276011,-1.0496469185542125,0.014099565902275964,
META,LONG,2025-01-13 09:30:00,2025-01-14 10:30:00,606.77001953125,595.3084943682081,641.1545950203756,595.3084943682081,stop,-0.01958940586071852,-1.0370578092906413,0.018889405860718494,
META,LONG,2025-02-12 09:30:00,2025-02-14 10:30:00,715.7000122070312,708.7483792776047,736.5549109953108,736.5549109953108,hedef,0.028939162264324227,2.979409154094494,0.009713054088108101,
AMZN,SHORT,2025-01-03 09:30:00,2025-01-06 09:30:00,223.25390625,225.61818642375457,216.1610657287363,226.65499877929688,stop,-0.015934190462442897,-1.5046314320788106,0.010590095436480478,
AMZN,SHORT,2025-01-15 09:30:00,2025-01-15 09:30:00,222.8459930419922,222.29834502666154,,222.8459930419922,stop,-0.0007,-0.12174442005831472,0.005749750170600878,
AMZN,SHORT,2025-02-06 13:30:00,2025-02-07 09:30:00,238.26800537109375,239.9520909604816,233.2157486029302,232.74000549316406,hedef,0.02300076448921471,3.254197002450175,0.007068030752869847,
AMZN,SHORT,2025-02-27 09:30:00,2025-02-27 09:30:00,218.49000549316406,218.6665756418273,217.96029504717433,218.6665756418273,stop,-0.001508138332299091,-1.866188339326415,0.0008081383322990009,
GOOGL,LONG,2025-01-10 14:30:00,2025-01-13 09:30:00,192.5500030517578,189.8330443771747,200.70087907550715,189.8330443771747,stop,-0.014810405772638667,-1.0496087788883712,0.01411040577263864,
GOOGL,LONG,2025-01-23 13:30:00,2025-01-23 13:30:00,197.9949951171875,196.9419763601634,201.15405138825977,196.9419763601634,stop,-0.006018410985090005,-1.1316182600333882,0.005318410985090002,
GOOGL,LONG,2025-02-05 09:30:00,2025-02-05 09:30:00,191.2100067138672,190.2600098469684,194.0599973145636,190.2600098469684,stop,-0.005668342835322437,-1.140892048556579,0.004968342835322454,
NFLX,LONG,2025-02-11 15:30:00,2025-02-12 09:30:00,100.71599578857422,100.12753069888184,102.48139105765135,100.12753069888184,stop,-0.006542816576303367,-1.1198052327774635,0.005842816576303325,
NFLX,LONG,2025-02-18 14:30:00,2025-02-18 15:30:00,103.20699310302734,102.53233570698714,105.23096529114795,102.53233570698714,stop,-0.0072369349087296414,-1.1070838259480218,0.006536934908729684,
AVGO,SHORT,2025-01-03 09:30:00,2025-01-06 09:30:00,236.16000366210938,240.27428581891974,223.8171571916783,240.27428581891974,stop,-0.018121587453466224,-1.0401800353652986,0.017421587453466305,
AVGO,SHORT,2025-01-15 09:30:00,2025-01-16 09:30:00,228.68499755859375,230.95848152382976,221.86454566288572,235.22000122070312,stop,-0.02927644240713686,-2.944856116328661,0.009941552745074578,
AVGO,LONG,2025-01-27 09:30:00,2025-01-27 09:30:00,212.17999267578125,222.4629906348247,,212.17999267578125,stop,-0.0007,-0.07689175328503829,0.009103707095936477,
AVGO,SHORT,2025-01-30 09:30:00,2025-01-30 09:30:00,218.57000732421875,212.46935768527416,,218.57000732421875,stop,-0.0007,-0.07689175328503829,0.009103707095936477,
AVGO,LONG,2025-02-14 13:30:00,2025-02-18 09:30:00,232.83999633789062,228.24492615644502,246.62520688222745,228.24492615644502,stop,-0.020434883412287018,-1.0354701867437524,0.019734883412287015,
AAPL,LONG,2025-03-04 09:30:00,2025-03-05 09:30:00,237.7050018310547,234.39434353037018,244.3263184324237,234.39434353037018,stop,-0.015127592079183592,-1.0861599042517613,0.01392759207918355,0.2625203429496422
AAPL,LONG,2025-03-04 14:30:00,2025-03-04 15:30:00,238.2899932861328,235.99762680961086,242.8747262391767,235.99762680961086,stop,-0.010820070255192514,-1.1247392137653358,0.009620070255192507,0.4362427792044014
AAPL,LONG,2025-03-13 09:30:00,2025-03-13 09:30:00,215.94000244140625,214.7703666092864,218.27927410564592,214.7703666092864,stop,-0.006616485222265454,-1.221545882755705,0.005416485222265429,0.5865527513835498
AAPL,LONG,2025-03-21 10:30:00,2025-03-21 15:30:00,213.7100067138672,211.38785900754402,218.35430212651352,218.35430212651352,hedef,0.021031763917187453,1.9355781700309678,0.010865881958593778,0.3413368022183758
MSFT,LONG,2025-03-03 15:30:00,2025-03-03 15:30:00,389.5299987792969,386.40889329977665,395.7722097383373,386.40889329977665,stop,-0.009212490666447047,-1.1497661650983457,0.008012490666446992,0.18047021361049428
MSFT,LONG,2025-03-13 10:30:00,2025-03-13 11:30:00,382.4917907714844,378.7570872592705,389.9611977959121,378.7570872592705,stop,-0.010964140309210245,-1.1228986845742162,0.009764140309210228,0.48473694622204155
MSFT,LONG,2025-03-28 11:30:00,2025-03-28 11:30:00,382.56500244140625,381.01843960584955,385.65812811251965,381.01843960584955,stop,-0.005242614524818133,-1.296837601664243,0.004042614524818096,0.2705253651420315
MSFT,LONG,2025-04-04 09:30:00,2025-04-04 09:30:00,364.125,369.1852299709756,,364.125,stop,-0.0012000000000000001,-0.1840817814303717,0.006518841738034222,0.29355091940645206
NVDA,LONG,2025-03-11 11:30:00,2025-03-12 09:30:00,108.87999725341797,106.04807195948017,114.54384784129357,114.54384784129357,hedef,0.05131920215604883,1.9730868613516903,0.026009601078024462,0.25690950970632626
NVDA,LONG,2025-03-13 14:30:00,2025-03-19 13:30:00,116.94999694824219,113.67232102889199,123.50534878694259,118.53600311279297,zaman,0.012361404069575956,0.4410644016628403,0.028026301880117035,0.3506656683169347
NVDA,LONG,2025-03-18 14:30:00,2025-03-24 09:30:00,116.63999938964844,114.44358688346296,121.0328244020194,121.0328244020194,hedef,0.03696139433605664,1.962826655128385,0.018830697168028352,0.6579136789206474
NVDA,LONG,2025-03-21 10:30:00,2025-03-24 09:30:00,116.47000122070312,114.86377329942971,119.68245706324996,119.88999938964844,hedef,0.0286637686365662,2.0784529542009724,0.013790915295258882,0.4098774997945573
NVDA,LONG,2025-04-04 15:30:00,2025-04-07 09:30:00,95.16999816894531,91.99254139862644,101.52491170958305,87.52999877929688,stop,-0.08147739347105956,-2.4403804513988754,0.03338716855576968,0.47249688231931614
NVDA,LONG,2025-04-22 09:30:00,2025-04-25 09:30:00,98.76499938964844,94.36977292654191,107.55545231586149,107.55545231586149,hedef,0.08830372581923376,1.9842703214150474,0.04450186290961683,0.2272398478325984
AMD,LONG,2025-03-06 10:30:00,2025-03-06 11:30:00,100.7300033569336,98.78613355212967,104.61774296654144,98.78613355212967,stop,-0.020497823290205573,-1.062183179001799,0.01929782329020563,0.5286121969054673
AMD,LONG,2025-03-10 11:30:00,2025-03-10 14:30:00,98.08000183105469,96.31074804045997,101.61850941224412,96.31074804045997,stop,-0.019238884151351242,-1.0665229617271013,0.018038884151351287,0.27300908608821073
AMD,LONG,2025-03-19 09:30:00,2025-03-19 09:30:00,104.44000244140625,102.91602828073466,107.48795076274942,102.91602828073466,stop,-0.015791862553111068,-1.082237616728657,0.014591862553111077,0.48318758738687895
AMD,LONG,2025-03-27 10:30:00,2025-03-27 11:30:00,106.5,106.0421975087048,107.4156049825904,106.0421975087048,stop,-0.005498614941738998,-1.279159686611663,0.004298614941738943,0.26718001793952517
TSLA,LONG,2025-03-03 15:30:00,2025-03-04 09:30:00,280.05999755859375,273.21096827485553,293.7580561260702,270.79998779296875,stop,-0.034264378512992154,-1.4010863970868799,0.024455578602600232,0.4519166030694991
TSLA,LONG,2025-03-18 10:30:00,2025-03-19 14:30:00,225.0500030517578,217.73360696979609,239.68279521568127,239.68279521568127,hedef,0.06432018202842751,1.9784682239217992,0.032510091014213746,0.4864498537637124
TSLA,LONG,2025-03-17 11:30:00,2025-03-17 11:30:00,235.60000610351562,233.22736885852387,240.34528059349913,233.22736885852387,stop,-0.011270616228886164,-1.1191585472751842,0.010070616228886192,0.3283921036548717
TSLA,LONG,2025-03-18 14:30:00,2025-03-19 09:30:00,225.13499450683594,222.00953240019896,231.38591872010988,231.61000061035156,hedef,0.02806054927710947,2.0212728204081265,0.01388261346701511,0.505414830812124
TSLA,LONG,2025-03-26 11:30:00,2025-03-26 12:30:00,276.5299987792969,271.0002152569808,287.589565823929,271.0002152569808,stop,-0.0211970475056106,-1.0600088587909424,0.01999704750561064,0.28181995659801856
TSLA,LONG,2025-04-03 15:30:00,2025-04-04 09:30:00,265.9549865722656,261.1251827308487,275.6145942550995,255.3699951171875,stop,-0.0409999360399357,-2.2576770810977367,0.018160230434726542,0.35612097254824454
TSLA,LONG,2025-04-04 15:30:00,2025-04-07 09:30:00,242.6699981689453,235.592394897846,256.82520471114395,223.77999877929688,stop,-0.07904233540273622,-2.7101269529722964,0.02916554714016167,0.31010331485928966
META,LONG,2025-03-10 15:30:00,2025-03-12 09:30:00,597.2775268554688,586.3685192237241,619.0955421189581,629.1599731445312,hedef,0.05267961810971925,2.8842542862197673,0.01826455398243111,0.3783086049217364
META,LONG,2025-03-13 14:30:00,2025-03-14 09:30:00,594.1569213867188,589.2207419894354,604.0292801812855,604.0292801812855,hedef,0.015915743146651153,1.915742558870614,0.008307871573325566,0.24635757585802856
META,LONG,2025-03-19 14:30:00,2025-03-20 09:30:00,580.6900024414062,574.3277512013157,593.4145049215874,593.4145049215874,hedef,0.021212728696349638,1.936110193330997,0.010956364348174843,0.44851528122695905
META,LONG,2025-04-04 15:30:00,2025-04-07 09:30:00,510.6390075683594,493.6502214628037,544.6165797794707,484.6199951171875,stop,-0.052153828566825065,-1.5676093097401924,0.03326965988449557,0.46206020375053963
META,LONG,2025-04-16 10:30:00,2025-04-16 13:30:00,509.5150146484375,501.6461979795511,525.2526479862103,501.6461979795511,stop,-0.01664373854088643,-1.0777013931453892,0.015443738540886418,0.2977783774908661
AMZN,LONG,2025-03-10 11:30:00,2025-03-10 12:30:00,194.35000610351562,192.38459799705734,198.2808223164322,192.38459799705734,stop,-0.011312724696347386,-1.1186623819032124,0.010112724696347367,0.41334861723646293
AMZN,LONG,2025-03-11 09:30:00,2025-03-12 09:30:00,193.90499877929688,190.7482486876283,200.21849896263404,200.72000122070312,hedef,0.034446089499028755,2.115868772725755,0.016279879897586367,0.27254789568894455
AMZN,LONG,2025-03-13 13:30:00,2025-03-14 09:30:00,192.5,190.70997747963006,196.0800450407399,197.38499450683594,hedef,0.02467659484070609,2.653734493716977,0.009298818287636077,0.27889912416338897
AMZN,LONG,2025-04-09 13:30:00,2025-04-15 12:30:00,181.3000030517578,168.2996313282312,207.30074649881107,179.1248016357422,zaman,-0.013197801320470125,-0.18405330790254046,0.07170640653445141,0.2086640037726882
AMZN,LONG,2025-04-15 11:30:00,2025-04-15 12:30:00,180.97000122070312,179.0686616098539,184.77268044240157,179.0686616098539,stop,-0.011706380052075159,-1.1142163137114895,0.010506380052075201,0.32711547562438165
GOOGL,LONG,2025-04-04 15:30:00,2025-04-04 15:30:00,148.14999389648438,146.0568703255869,152.3362410382793,146.0568703255869,stop,-0.015328408080529286,-1.0849352590299044,0.014128408080529332,0.3526769692514256
GOOGL,LONG,2025-04-21 09:30:00,2025-04-21 09:30:00,148.9149932861328,148.411150196994,149.92267946441046,148.411150196994,stop,-0.004583427538224515,-1.3546699275935024,0.0033834275382245513,0.2458322177997387
NFLX,LONG,2025-03-10 10:30:00,2025-03-10 13:30:00,86.61134338378906,85.7261508145698,88.38172852222758,85.7261508145698,stop,-0.011420284487412079,-1.1174135613815876,0.010220284487412037,0.6608825965231816
NFLX,LONG,2025-03-28 13:30:00,2025-03-31 09:30:00,93.30949401855469,92.43709629969693,95.0542894562702,91.91999816894531,stop,-0.016091259075234808,-1.7210811192829947,0.009349506478775652,0.26094325238003613
AVGO,LONG,2025-03-06 15:30:00,2025-03-07 09:30:00,182.0500030517578,177.3927956621175,191.36441783103845,191.36441783103845,hedef,0.05046404626827986,1.9726370351426232,0.025582023134139965,0.5380417985558177
AVGO,LONG,2025-03-17 10:30:00,2025-03-18 09:30:00,192.4600067138672,189.28809627892554,198.8038275837505,189.28809627892554,stop,-0.01768088082869792,-1.0728116423189245,0.016480880828697943,0.29588258703548925
AVGO,LONG,2025-03-21 10:30:00,2025-03-26 09:30:00,190.4499969482422,186.7651506529524,197.81968953882176,186.66000366210938,stop,-0.021100201348718282,-1.0905565552645835,0.01934810372452357,0.17099348289842894
AVGO,LONG,2025-03-25 10:30:00,2025-03-25 12:30:00,191.15370178222656,189.28862662734971,194.88385209198026,189.28862662734971,stop,-0.010956939768823525,-1.1229893827810968,0.009756939768823575,0.387919971278353
AVGO,LONG,2025-03-28 09:30:00,2025-03-28 09:30:00,171.92999267578125,170.3465339442284,175.09691013888693,170.3465339442284,stop,-0.010409904024941484,-1.130294517375019,0.009209904024941488,0.3853976460632884
AVGO,LONG,2025-04-07 10:30:00,2025-04-08 09:30:00,147.6999969482422,138.88707305319141,165.32584473834373,167.6199951171875,hedef,0.134167966015773,2.2485849653382677,0.05966773241125417,0.43962969926514184
AAPL,LONG,2025-05-15 10:30:00,2025-05-19 09:30:00,210.32000732421875,208.995337844,212.96934628465624,207.13999938964844,stop,-0.016319854620716966,-2.5911308402701185,0.00629835219707225,0.2847836136531029
AAPL,LONG,2025-05-20 10:30:00,2025-05-21 09:30:00,207.8300018310547,204.17955361279147,215.13089826758113,204.17955361279147,stop,-0.018764587336291737,-1.068319282259517,0.01756458733629169,0.5857114743645058
AAPL,LONG,2025-06-26 13:30:00,2025-06-27 09:30:00,200.25,198.89513621343926,202.95972757312148,202.95972757312148,hedef,0.012831723211593017,1.8965394149652421,0.006765861605796463,0.36615391753315946
AAPL,LONG,2025-06-25 14:30:00,2025-06-26 09:30:00,201.02000427246094,200.131881901716,202.79624901395078,200.131881901716,stop,-0.005618079553620835,-1.271611225066465,0.004418079553620791,0.7592588268815836
MSFT,LONG,2025-05-07 15:30:00,2025-05-08 09:30:00,433.9200134277344,430.9537275859345,439.8525851113342,439.8525851113342,hedef,0.012972039776952528,1.8976012341362387,0.006836019888476315,0.3901565730697714
MSFT,LONG,2025-05-20 15:30:00,2025-05-21 12:30:00,456.6400146484375,454.21242715717824,461.495189630956,454.21242715717824,stop,-0.006516195281590108,-1.2257253423619676,0.005316195281590105,0.48656885214359413
MSFT,LONG,2025-05-30 10:30:00,2025-06-05 09:30:00,459.4125061035156,455.199127663295,467.8392629839569,466.4049987792969,zaman,0.014020510070759197,1.5287489030108914,0.009171231484219295,0.4703730058698701
MSFT,LONG,2025-06-09 10:30:00,2025-06-10 09:30:00,470.4100036621094,468.7106238024257,473.80876338147675,468.7106238024257,stop,-0.004812550427189331,-1.3321752939331657,0.0036125504271893316,0.3176511792105576
MSFT,LONG,2025-06-10 10:30:00,2025-06-10 10:30:00,469.8500061035156,468.80451756970035,471.9409831711462,468.80451756970035,stop,-0.0034251538155454443,-1.5392885613644176,0.0022251538155454134,0.30933556702976295
MSFT,LONG,2025-06-17 14:30:00,2025-06-18 15:30:00,476.3299865722656,473.99605494251006,480.99784983177676,480.99784983177676,hedef,0.009099641826250927,1.857137635760339,0.004899820913125484,0.3747150159928473
MSFT,LONG,2025-06-25 13:30:00,2025-06-25 13:30:00,490.6099853515625,489.39461098582774,493.040734083032,489.39461098582774,stop,-0.0036772719716739112,-1.4844038174739416,0.002477271971673884,0.25354850639889337
NVDA,LONG,2025-05-07 15:30:00,2025-05-07 15:30:00,113.2300033569336,112.55833852633538,114.57333301813003,114.57333301813003,hedef,0.011163725349913424,1.8819932223051492,0.005931862674956712,0.6068822052224858
NVDA,LONG,2025-05-19 10:30:00,2025-05-19 11:30:00,135.2949981689453,133.38502530550312,139.1149438958297,133.38502530550312,stop,-0.015317098852813314,-1.0850033007851965,0.014117098852813276,0.2635995419282874
NVDA,LONG,2025-06-12 09:30:00,2025-06-12 09:30:00,141.97999572753906,141.46335677656447,143.01327362948825,143.01327362948825,hedef,0.006577630180607009,1.8076296864148695,0.0036388150903034987,0.4349606185055458
NVDA,LONG,2025-06-18 10:30:00,2025-06-18 14:30:00,145.22000122070312,143.96379489762052,147.73241386686834,143.96379489762052,stop,-0.00985036711556999,-1.1387224361657506,0.00865036711557002,0.6986336037915436
NVDA,LONG,2025-06-18 15:30:00,2025-06-20 10:30:00,144.1699981689453,143.06778730245935,146.37441990191724,143.06778730245935,stop,-0.0088452166226314,-1.1569608893026964,0.007645216622631417,0.3530222774877357
AMD,LONG,2025-05-06 14:30:00,2025-05-07 09:30:00,99.16999816894531,97.38060079944144,102.74879290795306,102.74879290795306,hedef,0.035387474085770844,1.9612053756748842,0.01804373704288538,0.713161272305531
AMD,LONG,2025-06-05 13:30:00,2025-06-05 14:30:00,117.1500015258789,115.66650286128728,120.11699885506215,115.66650286128728,stop,-0.013863240676645704,-1.0947624727857426,0.012663240676645753,0.3229667789591378
TSLA,LONG,2025-05-05 12:30:00,2025-05-09 09:30:00,277.2528991699219,270.5308057071192,290.6970860955272,290.6970860955272,hedef,0.04779069916259263,1.9711284839324386,0.024245349581296337,0.43395060058552526
TSLA,LONG,2025-05-19 14:30:00,2025-05-20 09:30:00,339.8299865722656,333.1064626642943,353.2770343882082,353.2770343882082,hedef,0.038869927161454466,1.9646195962330772,0.01978496358072723,0.6320221974478191
TSLA,LONG,2025-06-25 10:30:00,2025-06-25 10:30:00,321.5299987792969,319.2954309301543,325.99913447758206,325.99913447758206,hedef,0.013199591687408509,1.899277616818898,0.006949795843704259,0.3556277513710006
META,LONG,2025-05-19 10:30:00,2025-05-23 09:30:00,638.6400146484375,625.8565748122312,664.2068943208501,624.0800170898438,stop,-0.023998442353488934,-1.1989234331719758,0.02001665968776386,0.46922756791651254
META,LONG,2025-06-11 14:30:00,2025-06-12 09:30:00,696.0,691.3210258577326,705.3579482845348,691.3210258577326,stop,-0.007922663997510647,-1.1785006658735817,0.006722663997510642,0.4326074967959541
META,LONG,2025-06-18 14:30:00,2025-06-18 14:30:00,697.5,695.8001744795985,700.8996510408031,695.8001744795985,stop,-0.0036370258357011566,-1.492403479036077,0.0024370258357011214,0.3626618267524068
AMZN,LONG,2025-05-19 10:30:00,2025-05-21 09:30:00,205.27999877929688,202.57891652031486,210.6821632972609,201.61000061035156,stop,-0.01907801145152501,-1.4499129578365597,0.013158039141874862,0.5667953357683766
GOOGL,LONG,2025-04-30 15:30:00,2025-05-01 09:30:00,157.25,155.32860617931527,161.09278764136945,161.09278764136945,hedef,0.023737441280568795,1.9427108597857443,0.012218720640284435,0.33108962352636123
GOOGL,LONG,2025-06-02 10:30:00,2025-06-03 09:30:00,169.0399932861328,167.37249509333466,172.3749896717291,167.37249509333466,stop,-0.011064518806360744,-1.1216481030201129,0.009864518806360733,0.541699793209792
GOOGL,LONG,2025-06-11 12:30:00,2025-06-12 09:30:00,177.91000366210938,174.8316443040491,184.06672237822994,174.8316443040491,stop,-0.018502901999298292,-1.0693525282665672,0.017302901999298313,0.2679005368621293
NFLX,LONG,2025-05-05 10:30:00,2025-05-09 09:30:00,113.17399597167969,110.05632380064856,119.40934031374195,114.05049896240234,zaman,0.0065447383844428955,0.23757924339801972,0.02754760176367094,0.4341829625076388
NFLX,LONG,2025-05-05 10:30:00,2025-05-09 09:30:00,113.17399597167969,111.12832239683996,117.26534312135914,114.05049896240234,zaman,0.0065447383844428955,0.36207839054413643,0.01807547358627885,0.4260254361377894
NFLX,LONG,2025-05-08 10:30:00,2025-05-09 10:30:00,114.3499984741211,113.66254840869553,115.72489860497222,113.66254840869553,stop,-0.007211806511577178,-1.1996072225027652,0.006011806511577213,0.5954419679154501
NFLX,LONG,2025-05-20 10:30:00,2025-05-21 09:30:00,118.29000091552734,117.61903936236492,119.6319240218522,119.6319240218522,hedef,0.010644349445758573,1.8765905434512486,0.005672174722879338,0.7271712994403252
NFLX,LONG,2025-05-20 14:30:00,2025-05-20 15:30:00,118.32499694824219,117.86544961769975,119.24409160932706,119.24409160932706,hedef,0.007067544346414912,1.8197628571446773,0.0038837721732074117,0.7516212208796159
AVGO,LONG,2025-05-15 11:30:00,2025-05-16 09:30:00,231.9149932861328,228.22206965633598,239.3008405457265,228.22206965633598,stop,-0.017123608807993594,-1.0753598015669423,0.015923608807993584,0.47071755192682474
AVGO,LONG,2025-05-19 09:30:00,2025-05-19 09:30:00,223.51280212402344,226.28337982202592,,223.51280212402344,stop,-0.0012000000000000001,-0.08622176892531082,0.013917598942321564,0.2994091509785468
MSFT,LONG,2025-07-02 10:30:00,2025-07-03 09:30:00,491.79998779296875,489.270120249258,496.8597228803902,496.8597228803902,hedef,0.009588196854432386,1.8639217328547988,0.005144098427216158,
MSFT,LONG,2025-08-13 15:30:00,2025-08-13 15:30:00,522.4500122070312,519.5896039413404,528.1708287384129,519.5896039413404,stop,-0.006674989374786965,-1.2191785075467316,0.005474989374786948,
MSFT,LONG,2025-08-14 15:30:00,2025-08-15 13:30:00,521.4400024414062,519.2380526595786,525.8439020050616,525.8439020050616,hedef,0.0077456496299403215,1.8342341843027596,0.0042228248149702025,
NVDA,LONG,2025-08-13 13:30:00,2025-08-15 09:30:00,180.97999572753906,179.37964348978522,184.18070020304674,179.37964348978522,stop,-0.01004270237337792,-1.1357051215036629,0.008842702373377939,
NVDA,LONG,2025-08-14 10:30:00,2025-08-15 09:30:00,182.57850646972656,179.26937454774057,189.19677031369855,179.26937454774057,stop,-0.019324433077968516,-1.0662089674660622,0.018124433077968478,
NVDA,LONG,2025-08-15 15:30:00,2025-08-19 10:30:00,179.97999572753906,177.97608573810533,183.98781570640654,177.97608573810533,stop,-0.012334070657870976,-1.1077772933973329,0.01113407065787098,
AMD,LONG,2025-08-08 15:30:00,2025-08-14 14:30:00,172.3000030517578,162.97327367254286,190.95346181018772,180.63999938964844,zaman,0.04720392449317221,0.8720352015738561,0.054130755740110253,
TSLA,LONG,2025-06-30 12:30:00,2025-06-30 14:30:00,320.8599853515625,317.26661148372517,328.04673308723716,317.26661148372517,stop,-0.012399196010372336,-1.1071505489223203,0.011199196010372286,
TSLA,LONG,2025-08-04 11:30:00,2025-08-08 09:30:00,306.1300048828125,297.585716170401,323.21858230763553,323.21858230763553,hedef,0.055121308438434914,1.9749199716172214,0.0279106542192174,
META,LONG,2025-07-15 10:30:00,2025-07-16 09:30:00,716.3200073242188,709.4520908157136,730.055840341229,709.4520908157136,stop,-0.010787777024628874,-1.1251593562217277,0.009587777024628855,
META,LONG,2025-08-18 10:30:00,2025-08-19 09:30:00,764.7999877929688,758.247139532436,777.9056843140343,758.247139532436,stop,-0.009768054870715547,-1.1400551254756093,0.008568054870715571,
META,LONG,2025-08-26 14:30:00,2025-08-27 09:30:00,750.969970703125,747.7417658378422,757.4263804336906,747.7417658378422,stop,-0.005498713651972319,-1.2791532763410214,0.004298713651972358,
AMZN,LONG,2025-07-02 10:30:00,2025-07-09 13:30:00,220.30999755859375,217.85812775198593,225.21373717180938,222.41000366210938,zaman,0.00833205086826392,0.748667038314289,0.011129180853246193,
AMZN,LONG,2025-07-03 09:30:00,2025-07-08 10:30:00,221.7050018310547,218.99075933008763,227.1334868329888,218.99075933008763,stop,-0.013442585771859993,-1.0980185087008545,0.012242585771859977,
AMZN,LONG,2025-07-10 10:30:00,2025-07-11 09:30:00,220.27000427246094,218.3521661970046,224.1056804233736,224.1056804233736,hedef,0.016713520118554794,1.9196027000589986,0.008706760059277426,
AMZN,LONG,2025-08-12 12:30:00,2025-08-13 09:30:00,221.69000244140625,220.32619120335022,224.4176249175183,224.4176249175183,hedef,0.011603768532967441,1.8862137241733012,0.006151884266483745,
AMZN,LONG,2025-08-21 10:30:00,2025-08-22 14:30:00,222.3000030517578,219.25344251369634,228.39312412788075,228.39312412788075,hedef,0.026709451158236343,1.9489227277146968,0.01370472557911816,
GOOGL,LONG,2025-08-15 14:30:00,2025-08-20 09:30:00,205.88999938964844,197.42452930756897,222.82093955380736,197.42452930756897,stop,-0.04231647048023204,-1.029185384493958,0.041116470480231995,
NFLX,LONG,2025-07-09 09:30:00,2025-07-10 09:30:00,127.4000015258789,125.95228766453381,130.2954292485691,125.95228766453381,stop,-0.01256353095765874,-1.1056009795257564,0.011363530957658722,
NFLX,LONG,2025-07-15 15:30:00,2025-07-18 09:30:00,125.98249816894531,124.2783507669612,129.39079297291354,124.2783507669612,stop,-0.0147268583077216,-1.0887123951993365,0.013526858307721575,
NFLX,LONG,2025-08-01 14:30:00,2025-08-05 13:30:00,116.1500015258789,115.2663638247171,117.91727692820251,115.2663638247171,stop,-0.008807728709025707,-1.1577343312171997,0.007607728709025655,
AVGO,LONG,2025-07-11 14:30:00,2025-07-14 09:30:00,274.8599853515625,271.77477399996906,281.0304080547494,271.77477399996906,stop,-0.012424665342418838,-1.1069074189201054,0.011224665342418876,
AVGO,LONG,2025-07-23 10:30:00,2025-07-24 09:30:00,276.2900085449219,269.43915922238403,289.99170718999756,289.99170718999756,hedef,0.04889172688594693,1.9717694847929057,0.024795863442973413,
AVGO,LONG,2025-08-11 15:30:00,2025-08-12 13:30:00,304.4800109863281,301.1487446916951,311.14254357559423,311.14254357559423,hedef,0.021181674818926778,1.9360195226560448,0.010940837409463425,
AVGO,LONG,2025-08-18 10:30:00,2025-08-19 09:30:00,302.44000244140625,299.58932308167624,308.14136116086627,299.58932308167624,stop,-0.010625602885591466,-1.1273128111342767,0.009425602885591466,
AAPL,LONG,2025-09-08 13:30:00,2025-09-08 14:30:00,237.80990600585938,236.67040540393208,240.08890720971397,236.67040540393208,stop,-0.005991644810200668,-1.250435924934446,0.004791644810200713,0.4542401209380593
AAPL,LONG,2025-10-07 11:30:00,2025-10-07 13:30:00,256.3900146484375,255.4330712810601,258.3039013831923,255.4330712810601,stop,-0.004932373777073805,-1.321511207524567,0.003732373777073784,0.45704679201214893
MSFT,LONG,2025-09-02 09:30:00,2025-09-02 09:30:00,500.0,504.3851428718855,,500.0,stop,-0.0012000000000000001,-0.1840817814303717,0.006518841738034222,0.4699112321716725
MSFT,LONG,2025-09-11 10:30:00,2025-09-15 10:30:00,502.25,496.6072143804894,513.5355712390212,513.5355712390212,hedef,0.02177002735494519,1.9376947799001252,0.011235013677472611,0.44141031709765244
MSFT,LONG,2025-09-17 09:30:00,2025-09-17 09:30:00,510.6400146484375,506.8784666066079,518.1631107320967,506.8784666066079,stop,-0.008566340149467798,-1.1629031480560563,0.0073663401494677766,0.41690429415829905
MSFT,LONG,2025-09-17 14:30:00,2025-09-19 15:30:00,508.9200134277344,505.8163287184292,515.1273828463447,515.1273828463447,hedef,0.011497141505207788,1.8852190081255995,0.006098570752603939,0.561405034210232
MSFT,LONG,2025-09-18 12:30:00,2025-09-19 09:30:00,508.8901062011719,506.4019127838696,513.8664930357764,513.8664930357764,hedef,0.009078902702103799,1.8568346528594715,0.004889451351051938,0.6028432904601817
MSFT,LONG,2025-09-26 10:30:00,2025-09-29 09:30:00,508.3349914550781,504.91764145295696,515.1696914593205,515.1696914593205,hedef,0.012745267626921443,1.8958741440596745,0.006722633813460707,0.42873258399461617
MSFT,LONG,2025-10-09 10:30:00,2025-10-09 10:30:00,522.052490234375,521.3417759686306,523.4739187658638,521.3417759686306,stop,-0.00256138468648106,-1.881455485665643,0.0013613846864810961,0.5139598462338706
NVDA,LONG,2025-09-19 15:30:00,2025-09-22 11:30:00,176.30999755859375,174.13591466938396,180.65816333701332,180.65816333701332,hedef,0.023962048883385302,1.9432326159671574,0.012331024441692618,0.3985145616246635
NVDA,LONG,2025-09-25 10:30:00,2025-09-29 09:30:00,177.15499877929688,174.61438321508768,182.23622990771526,182.23622990771526,hedef,0.027982403338494923,1.9511895853538472,0.014341201669247496,0.5667144055967418
NVDA,LONG,2025-10-06 14:30:00,2025-10-09 09:30:00,185.59719848632812,183.2528950383064,190.28580538237156,191.97869873046875,hedef,0.03368360221051884,2.6667120293133086,0.012631135960785586,0.5301076495349937
NVDA,LONG,2025-10-14 14:30:00,2025-10-15 12:30:00,182.17999267578125,179.58227071697297,187.3754365933978,179.58227071697297,stop,-0.015459095747310435,-1.084156809188012,0.014259095747310437,0.5346859549755573
AMD,LONG,2025-09-02 10:30:00,2025-09-04 09:30:00,161.8300018310547,158.15778508289296,169.17443532737815,158.15778508289296,stop,-0.023891816762106964,-1.0528825000034312,0.022691816762106982,0.6429024820750715
AMD,LONG,2025-09-08 14:30:00,2025-09-09 14:30:00,151.25100708007812,149.12380740299332,155.50540643424773,155.50540643424773,hedef,0.027428072905439617,1.9502276602913196,0.014064036452719827,0.553236043420844
AMD,LONG,2025-09-17 15:30:00,2025-09-18 09:30:00,159.64999389648438,157.509334022651,163.93131364415115,150.82000732421875,stop,-0.05650840532315273,-4.214385795341711,0.013408455719837798,0.40532322523147085
AMD,LONG,2025-09-17 10:30:00,2025-09-17 10:30:00,160.2949981689453,159.14686229363346,162.59126991956902,159.14686229363346,stop,-0.008362643179307148,-1.1675359179509,0.00716264317930717,0.42306397812888547
AMD,LONG,2025-09-24 12:30:00,2025-09-24 13:30:00,160.0,159.1091645107414,161.78167097851718,161.78167097851718,hedef,0.010435443615732488,1.8742753276553912,0.0055677218078662,0.541377558025303
AMD,LONG,2025-10-13 14:30:00,2025-10-14 11:30:00,217.10000610351562,214.38842449243268,222.52316932568152,222.52316932568152,hedef,0.024280023351911297,1.9439552165233343,0.012490011675955629,0.5870108432992412
TSLA,LONG,2025-08-29 10:30:00,2025-08-29 11:30:00,339.7149963378906,334.8459515775582,349.4530858585555,334.8459515775582,stop,-0.015532734241409572,-1.0837244296718316,0.01433273424140962,0.3874407455617336
TSLA,LONG,2025-09-02 15:30:00,2025-09-03 09:30:00,329.2850036621094,325.43119437765233,336.99262223102346,336.99262223102346,hedef,0.02270713510543946,1.9401891776292413,0.011703567552719675,0.7639282668840959
TSLA,LONG,2025-09-09 12:30:00,2025-09-10 10:30:00,347.69000244140625,344.6487061682838,353.77259498765113,353.77259498765113,hedef,0.016794298091789152,1.9199739256382504,0.00874714904589461,0.5385826933513481
TSLA,LONG,2025-09-17 14:30:00,2025-09-22 09:30:00,418.9100036621094,409.35144007576343,438.02713083480126,438.02713083480126,hedef,0.044935403799312525,1.9693220639362188,0.0228177018996563,0.5424950100777907
TSLA,LONG,2025-09-26 11:30:00,2025-10-01 09:30:00,429.6000061035156,418.7627030669926,451.27461217656173,451.27461217656173,hedef,0.04975299293553418,1.9722513984098269,0.02522649646776708,0.4631088724212801
TSLA,LONG,2025-10-10 12:30:00,2025-10-10 12:30:00,421.4800109863281,416.24468066584,431.95067162730436,416.24468066584,stop,-0.013621301565966658,-1.0966082333342515,0.012421301565966648,0.4708136438807104
TSLA,LONG,2025-10-09 15:30:00,2025-10-10 10:30:00,435.3760070800781,424.9419735409334,456.24407415836754,424.9419735409334,stop,-0.025165568541827298,-1.0500718352625606,0.023965568541827315,0.39371322309051143
TSLA,LONG,2025-10-15 14:30:00,2025-10-16 12:30:00,432.07000732421875,426.5459367295859,443.11814851348447,426.5459367295859,stop,-0.013985128569425707,-1.093859048306298,0.012785128569425746,0.5942975032700948
TSLA,LONG,2025-10-23 10:30:00,2025-10-23 10:30:00,424.42999267578125,420.9875807884128,431.31481645051815,420.9875807884128,stop,-0.00931067065658122,-1.1479532397270085,0.008110670656581243,0.3977511976040959
TSLA,LONG,2025-10-21 14:30:00,2025-10-22 09:30:00,445.6000061035156,441.79921186045664,453.2015945896336,441.79921186045664,stop,-0.009729609943892291,-1.1406863863522076,0.008529609943892236,0.5520894055589133
META,LONG,2025-10-03 12:30:00,2025-10-06 09:30:00,719.8195190429688,709.9245945679284,739.6093679930495,705.0,stop,-0.021787826046551183,-1.5849845549989718,0.01374639644142483,0.41022335982756775
META,LONG,2025-10-14 10:30:00,2025-10-20 09:30:00,709.8099975585938,690.3491041765641,748.7317843226531,731.72998046875,zaman,0.029681479530508793,1.0825921759861465,0.02741704603903272,0.521035832587172
META,LONG,2025-10-15 09:30:00,2025-10-20 15:30:00,716.8599853515625,699.0543577759264,752.4712405028347,732.3900146484375,zaman,0.020463964531733138,0.8238854402709275,0.0248383616598489,0.44813532439913323
AMZN,LONG,2025-09-10 10:30:00,2025-09-10 11:30:00,233.82839965820312,231.84020186747972,237.80479523964993,231.84020186747972,stop,-0.009702807159565084,-1.1411298618774546,0.008502807159565038,0.39925662264760653
AMZN,LONG,2025-09-12 09:30:00,2025-09-12 09:30:00,230.30499267578125,229.02188399071585,232.87121004591205,229.02188399071585,stop,-0.006771345502143443,-1.2153878267894689,0.005571345502143477,0.5135604733203727
AMZN,LONG,2025-09-22 09:30:00,2025-09-22 09:30:00,230.32000732421875,230.76760277859321,,230.32000732421875,stop,-0.0012000000000000001,-0.1420916873959769,0.008445251245809162,0.4123301564466516
AMZN,LONG,2025-10-10 13:30:00,2025-10-14 09:30:00,219.00999450683594,215.930380634951,225.1692222506058,215.39999389648438,stop,-0.017683268804606488,-1.257564345685113,0.0140615220726322,0.5258427010184445
GOOGL,LONG,2025-09-24 12:30:00,2025-09-25 09:30:00,248.69000244140625,246.18732170742635,253.69536390936605,243.0,stop,-0.024079900219337834,-2.392806386779033,0.010063455343644369,0.49718653415933156
NFLX,LONG,2025-09-11 14:30:00,2025-09-15 09:30:00,119.72900390625,118.22625209622932,122.73450752629137,118.22625209622932,stop,-0.013751276307262715,-1.0956078067778336,0.012551276307262738,0.571098182066078
NFLX,LONG,2025-09-08 12:30:00,2025-09-09 11:30:00,124.58799743652344,123.85909923794375,126.04579383368281,126.04579383368281,hedef,0.011000937707920912,1.8803514696901371,0.005850468853960454,0.52587830020135
NFLX,LONG,2025-09-10 14:30:00,2025-09-11 09:30:00,125.7074966430664,124.59347593186283,127.93553806547357,124.59347593186283,stop,-0.010062006968182068,-1.1354095076102333,0.008862006968182077,0.43213909422321384
NFLX,LONG,2025-09-30 09:30:00,2025-09-30 09:30:00,120.4000015258789,118.71400948160827,123.77198561442017,118.71400948160827,stop,-0.01520325600418073,-1.0856943556299852,0.01400325600418074,0.44628589038245714
NFLX,LONG,2025-10-02 09:30:00,2025-10-02 09:30:00,116.13800048828125,116.27487706851984,,116.13800048828125,stop,-0.0012000000000000001,-0.13575166462016672,0.008839670609989213,0.40527854760355464
NFLX,LONG,2025-10-13 15:30:00,2025-10-14 09:30:00,122.10550689697266,120.63838340790797,125.03975387510204,120.63838340790797,stop,-0.013215211486756216,-1.0998733980939708,0.012015211486756166,0.4785471148296793
NFLX,LONG,2025-10-24 10:30:00,2025-10-24 10:30:00,110.89798736572266,109.91418972286837,112.86558265143123,109.91418972286837,stop,-0.010071194745941446,-1.135269265794097,0.00887119474594149,0.5597223715731121
AVGO,LONG,2025-09-02 10:30:00,2025-09-05 09:30:00,295.44000244140625,285.99580425102147,314.3283988221758,355.8399963378906,hedef,0.20374081166179706,6.373562337569176,0.03196655196432928,0.4368519922755591
AVGO,LONG,2025-09-16 10:30:00,2025-09-17 09:30:00,360.6099853515625,356.1436119574127,369.5427321398621,356.1436119574127,stop,-0.013585606543300453,-1.0968866559586523,0.012385606543300468,0.44317616659439285
AVGO,LONG,2025-09-18 11:30:00,2025-09-19 09:30:00,348.5199890136719,341.28916570162824,362.98163563775915,341.28916570162824,stop,-0.021947226959656473,-1.0578390549413377,0.020747226959656497,0.39790173342022594
AVGO,LONG,2025-10-10 14:30:00,2025-10-10 14:30:00,330.3091125488281,326.3707887977568,338.18576005097077,326.3707887977568,stop,-0.013123145930432421,-1.1006445787883112,0.011923145930432477,0.5516334716929985
AVGO,LONG,2025-10-17 12:30:00,2025-10-22 09:30:00,348.5,339.36098707526224,366.7780258494755,339.36098707526224,stop,-0.02742385344257605,-1.0457598652550322,0.026223853442576057,0.4351826639083816
AMD,LONG,2025-11-04 10:30:00,2025-11-05 09:30:00,256.510009765625,249.60661233678167,270.31680462331167,243.24000549316406,stop,-0.05293289059785946,-1.9668310312614663,0.02691277987611874,0.6417490864323541
AMD,LONG,2025-10-30 15:30:00,2025-10-31 12:30:00,258.45001220703125,254.44088177995087,266.468273061192,254.44088177995087,stop,-0.0167122083100111,-1.077358424797942,0.015512208310011094,0.49789606425866795
AMD,LONG,2025-11-03 11:30:00,2025-11-04 09:30:00,256.1159973144531,253.21801119116665,261.91196956102607,250.35000610351562,stop,-0.02371320210919172,-2.095707208158522,0.011315131243943321,0.3503461491923177
TSLA,LONG,2025-11-05 11:30:00,2025-11-06 10:30:00,450.9399108886719,439.23646768268407,474.3467973006475,439.23646768268407,stop,-0.02715344284989931,-1.0462366402384533,0.02595344284989926,0.38914665662362974
TSLA,LONG,2025-11-10 09:30:00,2025-11-13 09:30:00,439.6300048828125,421.49835443630553,475.89330577582643,421.49835443630553,stop,-0.04244297760645368,-1.0290958623659656,0.0412429776064537,0.3599677522444196
TSLA,LONG,2025-12-10 13:30:00,2025-12-12 09:30:00,445.4200134277344,439.38270321522356,457.494633852756,457.494633852756,hedef,0.02640839221637418,1.9483554764581656,0.013554196108187042,0.5068274156462728
TSLA,LONG,2025-12-24 11:30:00,2025-12-26 10:30:00,481.68121337890625,474.47688550363296,496.08986912945284,474.47688550363296,stop,-0.016156630391989467,-1.0802319752878793,0.014956630391989426,0.3553279341992094
AVGO,LONG,2025-11-12 09:30:00,2025-11-13 09:30:00,357.7340087890625,349.4591585099804,374.2837093472267,349.4591585099804,stop,-0.02433129329552044,-1.0518777737443827,0.02313129329552047,0.3753391562447134
AVGO,LONG,2025-11-19 09:30:00,2025-11-19 09:30:00,340.7049865722656,335.26341150443153,351.5881367079338,351.5881367079338,hedef,0.031243031551021407,1.9561719745427502,0.01597151577551068,0.41213849887822046
NVDA,LONG,2026-01-07 10:30:00,2026-01-08 09:30:00,191.02000427246094,186.0525806571163,205.92227511849487,186.0525806571163,stop,-0.027204729893416622,-1.046145451420503,0.02600472989341666,
NVDA,LONG,2026-01-13 11:30:00,2026-01-14 09:30:00,185.24000549316406,183.59482404899168,190.1755498256812,183.59482404899168,stop,-0.010081350655288611,-1.1351145840959926,0.008881350655288618,
AMD,LONG,2026-02-19 09:30:00,2026-02-23 09:30:00,200.11000061035156,194.83999552488197,215.92001586676034,194.83999552488197,stop,-0.02753554079953848,-1.0455658005709527,0.02633554079953852,
TSLA,LONG,2026-01-06 10:30:00,2026-01-06 10:30:00,439.04998779296875,435.03220823488755,451.10332646721236,435.03220823488755,stop,-0.010351075435118283,-1.1311321285140878,0.009151075435118245,
TSLA,LONG,2026-01-14 12:30:00,2026-01-20 09:30:00,436.20001220703125,430.1710563222268,454.2868798614447,429.3450012207031,stop,-0.016915292972239947,-1.223835626260494,0.013821539926832887,
TSLA,LONG,2026-01-16 11:30:00,2026-01-20 09:30:00,438.8299865722656,434.02731393697337,453.2380044781424,429.3450012207031,stop,-0.0228142598313539,-2.0845854164365676,0.010944267215662025,
TSLA,LONG,2026-02-02 12:30:00,2026-02-03 13:30:00,423.29010009765625,414.30384333229904,450.2488703937279,414.30384333229904,stop,-0.022429546269293853,-1.0565249951543094,0.021229546269293832,
TSLA,LONG,2026-02-04 09:30:00,2026-02-04 10:30:00,420.4599914550781,414.2323611799441,439.14288228048014,414.2323611799441,stop,-0.016011469347136063,-1.0810182954759968,0.01481146934713612,
TSLA,LONG,2026-02-20 10:30:00,2026-02-23 09:30:00,409.80999755859375,403.88642820810156,427.5807056100703,403.88642820810156,stop,-0.01565442860296553,-1.0830195390604207,0.014454428602965568,
AVGO,LONG,2026-01-05 10:30:00,2026-01-06 09:30:00,344.7300109863281,338.32910003905954,363.9327438281339,338.32910003905954,stop,-0.01976789587003038,-1.0646276782463446,0.018567895870030424,
AVGO,LONG,2026-01-07 10:30:00,2026-01-08 09:30:00,347.79998779296875,336.2885528525142,382.33429261433236,336.2885528525142,stop,-0.03429785895480488,-1.0362561216312696,0.03309785895480487,
AVGO,LONG,2026-01-07 10:30:00,2026-01-08 09:30:00,347.79998779296875,337.7885528525142,377.83429261433236,337.7885528525142,stop,-0.029985035341674425,-1.0416883281801177,0.028785035341674415,
AVGO,LONG,2026-02-04 10:30:00,2026-02-04 10:30:00,312.9649963378906,308.3752980408779,326.7340912289288,308.3752980408779,stop,-0.015865212885525025,-1.081826292558253,0.014665212885524996,
AVGO,LONG,2026-02-24 10:30:00,2026-02-26 09:30:00,324.9150085449219,316.06525447831876,351.4642707447312,316.06525447831876,stop,-0.028437135354981845,-1.0440574966625682,0.027237135354981817,
AVGO,LONG,2026-02-20 09:30:00,2026-02-23 12:30:00,332.3550109863281,329.48494824208296,340.9651992190636,329.48494824208296,stop,-0.009835533238171122,-1.1389607296855426,0.008635533238171109,
AAPL,LONG,2026-03-04 10:30:00,2026-03-05 09:30:00,264.125,260.0107999710481,276.4676000868558,260.0107999710481,stop,-0.016776715679893715,-1.077038062750863,0.015576715679893714,
AAPL,LONG,2026-03-12 15:30:00,2026-03-13 10:30:00,256.09991455078125,253.592286458311,263.622798828192,253.592286458311,stop,-0.010991600660503219,-1.1225540176327367,0.009791600660503195,
AAPL,LONG,2026-03-13 10:30:00,2026-03-13 10:30:00,255.42999267578125,254.09380508119904,259.4385554595279,254.09380508119904,stop,-0.00643113037973677,-1.2293959264805048,0.005231130379736744,
AAPL,LONG,2026-03-20 14:30:00,2026-03-20 15:30:00,248.08999633789062,246.53482750223938,252.75550284484436,246.53482750223938,stop,-0.007468567288513993,-1.1914313023645522,0.00626856728851394,
AAPL,LONG,2026-03-30 09:30:00,2026-03-30 14:30:00,249.9949951171875,245.9082362524869,262.2552717112893,245.9082362524869,stop,-0.01754736272534143,-1.0734063359430952,0.01634736272534139,
NVDA,LONG,2026-03-18 14:30:00,2026-03-18 15:30:00,182.30999755859375,180.64699659813286,187.29900043997642,180.64699659813286,stop,-0.010321830852564239,-1.13155253801518,0.009121830852564239,
TSLA,LONG,2026-02-27 10:30:00,2026-02-27 10:30:00,406.8599853515625,403.44807163549274,417.0957264997718,403.44807163549274,stop,-0.00958596529251101,-1.1430962278214516,0.008385965292511061,
META,LONG,2026-03-09 09:30:00,2026-03-09 09:30:00,634.7525024414062,635.8719310838485,,634.7525024414062,stop,-0.0012000000000000001,-0.12455800144524178,0.009634065945795899,
AMZN,LONG,2026-03-19 11:30:00,2026-03-20 09:30:00,207.42999267578125,206.13541376097618,211.31372942019647,206.13541376097618,stop,-0.007441040160612332,-1.1922756414184437,0.00624104016061233,
GOOGL,LONG,2026-03-20 10:30:00,2026-03-20 13:30:00,302.2200012207031,300.3267444834314,307.89977143251826,300.3267444834314,stop,-0.007464498476687863,-1.1915556376085836,0.00626449847668791,
AVGO,LONG,2026-03-17 10:30:00,2026-03-17 10:30:00,323.43011474609375,319.8590079887196,334.14343501821617,319.8590079887196,stop,-0.012241355132244246,-1.1086823116933882,0.01104135513224428,
NVDA,LONG,2026-04-28 10:30:00,2026-04-30 09:30:00,212.3699951171875,206.7472219616625,229.23831458376253,206.7472219616625,stop,-0.027676306845617747,-1.0453235417989788,0.0264763068456178,
NVDA,SHORT,2026-05-04 10:30:00,2026-05-06 09:30:00,197.3800048828125,203.60778757945056,178.69665679289832,203.60778757945056,stop,-0.03275224715054383,-1.0380321564506783,0.03155224715054388,
NVDA,SHORT,2026-05-05 10:30:00,2026-05-06 09:30:00,198.5200958251953,202.30019097644822,187.1798103714366,202.30019097644822,stop,-0.020241372791706923,-1.0630206662684913,0.019041372791706836,
NVDA,LONG,2026-05-15 10:30:00,2026-05-18 09:30:00,226.66000366210938,224.27362993662507,233.8191248385623,224.27362993662507,stop,-0.011728428866708017,-1.1139771199665403,0.010528428866708048,
NVDA,LONG,2026-06-23 10:30:00,2026-06-24 09:30:00,203.09280395507812,198.9636448375327,215.48028130771436,198.9636448375327,stop,-0.021531390562014828,-1.059022032769461,0.020331390562014877,
NFLX,SHORT,2026-05-12 13:30:00,2026-05-18 10:30:00,88.20999908447266,89.59747704945926,84.04756518951285,89.59747704945926,stop,-0.01692925948744097,-1.076290940521271,0.015729259487440975,
NFLX,SHORT,2026-05-15 10:30:00,2026-05-18 09:30:00,87.66000366210938,88.82670209770315,84.15990835532806,88.82670209770315,stop,-0.014509358736635301,-1.0901621200349005,0.013309358736635243,
NFLX,LONG,2026-05-27 10:30:00,2026-05-27 15:30:00,88.27999877929688,87.35602475106869,91.05192086398144,87.35602475106869,stop,-0.0116664028206225,-1.114652571715999,0.01046640282062254,
NFLX,SHORT,2026-06-08 11:30:00,2026-06-11 10:30:00,82.26499938964844,82.92361155702167,80.28916288752873,80.28916288752873,hedef,0.02331794829853643,2.9125653876052398,0.008005982766178801,
NFLX,SHORT,2026-06-10 11:30:00,2026-06-11 09:30:00,82.43000030517578,83.07597387767845,80.49207958766777,80.49207958766777,hedef,0.02280989579441165,2.9106759120344843,0.007836631931470566,
AVGO,LONG,2026-04-28 10:30:00,2026-05-04 09:30:00,402.8299865722656,394.6144591313482,427.47656889501786,416.1449890136719,zaman,0.0318536526208125,1.5618725090749175,0.02039452800131499,
AVGO,LONG,2026-04-28 10:30:00,2026-05-04 09:30:00,402.8299865722656,393.2844725590826,431.46652861181474,416.1449890136719,zaman,0.0318536526208125,1.3442551589991012,0.02369613566856603,
AVGO,LONG,2026-04-28 10:30:00,2026-04-28 10:30:00,402.8299865722656,397.7644530278326,418.02658720556474,397.7644530278326,stop,-0.01377486709849076,-1.095428443943084,0.01257486709849071,
AVGO,SHORT,2026-05-22 10:30:00,2026-05-26 09:30:00,411.5013122558594,423.4648133776537,375.61080889047645,423.4648133776537,stop,-0.03027281402387296,-1.041275674209402,0.029072814023873045,
AVGO,LONG,2026-06-22 11:30:00,2026-06-23 09:30:00,394.8299865722656,387.7228364374518,416.1514369767071,377.864990234375,stop,-0.04416785177127249,-2.4536969095889463,0.018000532828103728,
TSLA,LONG,2026-07-08 11:30:00,2026-07-09 11:30:00,391.9100036621094,389.0139742335621,400.59809194775113,400.59809194775113,hedef,0.02146858004250466,2.9052713346559185,0.007389526680834877,
TSLA,LONG,2026-07-16 10:30:00,2026-07-16 11:30:00,394.6994934082031,390.422339911498,407.5309538983185,390.422339911498,stop,-0.012036480837034257,-1.1107370573571198,0.010836480837034264,
TSLA,LONG,2026-07-17 15:30:00,2026-07-20 09:30:00,382.5,376.9940775199632,399.01776744011045,376.9940775199632,stop,-0.01559456857525967,-1.0833647770494834,0.014394568575259649,
AVGO,LONG,2026-06-24 14:30:00,2026-06-24 14:30:00,381.5299987792969,378.95016543294975,389.26949881833826,378.95016543294975,stop,-0.007961809961474352,-1.1774672767849281,0.006761809961474306,
AVGO,LONG,2026-06-26 09:30:00,2026-06-26 09:30:00,370.0,372.4240628428308,,370.0,stop,-0.0012000000000000001,-0.08656605805120642,0.013862246092922057,
AVGO,LONG,2026-07-02 11:30:00,2026-07-02 11:30:00,364.7900085449219,360.2162497841628,378.51128482719906,360.2162497841628,stop,-0.013738059304318394,-1.0957085918062803,0.012538059304318444,
AVGO,LONG,2026-07-17 10:30:00,2026-07-22 12:30:00,370.4200134277344,361.69881647953974,396.58360427231827,396.58360427231827,hedef,0.06993222800106116,2.9702685295447764,0.023544076000353742,
AVGO,LONG,2026-07-28 11:30:00,2026-07-29 10:30:00,380.1499938964844,373.20968171934027,400.9709304279167,373.20968171934027,stop,-0.0194567730858203,-1.065729030774445,0.018256773085820355,
AVGO,LONG,2026-07-29 13:30:00,2026-07-29 15:30:00,375.94000244140625,371.2436429167598,390.0290810153455,371.2436429167598,stop,-0.01369231125750816,-1.0960590858860302,0.012492311257508161,
NVDA,LONG,2026-09-10 10:30:00,2026-09-14 09:30:00,218.22999572753906,216.2518392670862,222.18630864844476,211.0800018310547,stop,-0.033963570711934475,-3.7468572580253143,0.009064548866703855,
AMD,LONG,2026-08-31 14:30:00,2026-09-01 09:30:00,468.82501220703125,465.20531911068286,476.064398399728,459.29998779296875,stop,-0.021516800866111428,-2.786870090971947,0.0077207764135884946,
AMD,LONG,2026-10-01 10:30:00,2026-10-02 09:30:00,606.6900024414062,599.7490351455431,620.5719370331326,636.4500122070312,hedef,0.048353074298021305,4.226403253823128,0.011440714809757441,
AVGO,LONG,2026-08-24 14:30:00,2026-08-25 09:30:00,361.625,357.43313100596674,370.0087379880665,357.43313100596674,stop,-0.012791756637492567,-1.1035218420751414,0.011591756637492588,
