key,Formasyon,Tür,Yön,Adet,Gün,Kazanma%,Net ort%,Baz%,Fark%,t,1.yarı%,2.yarı%,Karar
gravestone_doji,Mezar Taşı Doji,Mum,SAT,380,58,43.94736842105263,-0.043954871247405394,-0.12393364832786367,0.12039537546196877,3.0898764535804877,0.1412913205389989,0.09949943038493864,GEÇERLİ
tweezer_top,Cımbız Tepe,Mum,SAT,16996,59,40.0506001412097,-0.11451338430886115,-0.12393364832786367,0.02104105934791239,2.7126467303750292,0.0238186292493844,0.018167711173975837,GEÇERLİ
bearish_engulfing,Yutan Ayı,Mum,SAT,4834,59,41.20810922631361,-0.10286338845106686,-0.12393364832786367,0.028249179459225372,2.437556006746393,0.03634070146672591,0.019878639451466187,GEÇERLİ
hammer,Çekiç,Mum,AL,2333,59,40.76296613801972,-0.09919813422732847,-0.11966780785836574,0.037739035899064736,2.1610265676177747,0.042606824736313775,0.032703392274324346,GEÇERLİ
tweezer_bottom,Cımbız Dip,Mum,AL,17172,59,39.17423713021198,-0.11326064060879504,-0.11966780785836574,0.014188384446846327,1.8223777122030629,0.013816668395209132,0.014572918293367565,ZAYIF
hanging_man,Asılı Adam,Mum,SAT,2445,58,41.554192229038854,-0.10214975806748768,-0.12393364832786367,0.03251362282760958,1.8054469289023094,0.021442934691548114,0.04358431096367107,ZAYIF
bearish_harami,Ayı Harami,Mum,SAT,2942,58,41.02651257647859,-0.1111908140141623,-0.12393364832786367,0.024227905429445848,1.615340537107275,0.04808329294696299,0.0003725179119287159,ZAYIF
inverted_hammer,Ters Çekiç,Mum,AL,2260,59,40.04424778761062,-0.0920584211673276,-0.11966780785836574,0.02894413276977967,1.5908164186572495,0.03933066803284848,0.018199441118329173,ZAYIF
piercing_line,Delen Mum,Mum,AL,891,59,41.75084175084175,-0.08988658922218491,-0.11966780785836574,0.045011980328915416,1.5608500835325179,0.07156082601134099,0.017547657209164822,ZAYIF
bullish_harami,Boğa Harami,Mum,AL,3068,59,40.38461538461539,-0.10847672957088143,-0.11966780785836574,0.02148984465964637,1.4739670499853048,0.018688544765978192,0.02438774110137206,ZAYIF
three_inside_down,Üç İçeride Aşağı (Üç Aşağı Dönüş),Mum,SAT,523,58,42.829827915869984,-0.08888315557147926,-0.12393364832786367,0.044224097287845106,1.1927341940349605,0.1152039035827371,-0.02675570900704691,GEÇERSİZ
shooting_star,Kayan Yıldız,Mum,SAT,2183,59,40.58634906092533,-0.11500139602103002,-0.12393364832786367,0.016787614534643072,1.1732677836110497,0.04328268627881699,-0.010621080373123048,GEÇERSİZ
evening_star,Akşam Yıldızı,Mum,SAT,1199,59,41.534612176814015,-0.09850939440518029,-0.12393364832786367,0.03309828667577989,1.0779968876604198,0.10192978140033894,-0.038106707866867394,GEÇERSİZ
on_neck,On-Neck,Mum,SAT,151,52,39.0728476821192,-0.12402905319226568,-0.12393364832786367,0.059584652056650866,0.8999530534315834,0.0695995820916017,0.049569722021700006,GEÇERSİZ
bearish_counter_attack,Ayı Karşı Saldırı,Mum,SAT,13,11,46.15384615384615,-0.047625094794831194,-0.12393364832786367,0.15717662937986668,0.8672469794811525,0.019172278550991427,0.39868424333039837,AZ ÖRNEK
rb_bear_trend_yapi,RB Ayı · trend + yapı stopu,Rejection Block,SAT,556,57,42.086330935251794,-0.1116199228939883,-0.12393364832786367,0.031864568355971214,0.7493998488133895,0.08611425693419057,-0.020514441305757802,GEÇERSİZ
rb_bear_touch,RB Ayı · ilk temas,Rejection Block,SAT,1986,59,39.72809667673716,-0.10922532539553978,-0.12393364832786367,0.01064297684951831,0.6226997907665528,0.011178916138852754,0.010088556895034392,GEÇERSİZ
inv_head_shoulders,TOBO (Ters OBO),Grafik,AL,54,32,35.18518518518518,-0.10481168256401965,-0.11966780785836574,0.05948159619930671,0.5642406776941682,-0.060538585628337194,0.19550446893730314,GEÇERSİZ
rb_bear_reject,RB Ayı · ret kapanışı,Rejection Block,SAT,1633,59,40.60012247397428,-0.11313372175905205,-0.12393364832786367,0.008832832593521673,0.4866248095519894,0.024846463054245406,-0.0077329920210201285,GEÇERSİZ
descending_triangle,Alçalan Üçgen kırılımı,Grafik,SAT,651,59,40.706605222734254,-0.10734490175467086,-0.12393364832786367,0.0142128532703326,0.42015445704613863,0.029775126118037586,-0.0018860496755691196,GEÇERSİZ
three_outside_up,Üç Dışarıda Yukarı,Mum,AL,2143,59,38.26411572561829,-0.11704019721514654,-0.11966780785836574,0.008088760192671138,0.35978260036870663,0.034309108718032014,-0.019035738281840114,GEÇERSİZ
bottom_reversal,Dip Dönüş,Mum,AL,2169,59,38.22037805440295,-0.11378579560022622,-0.11966780785836574,0.0067370212679506,0.3407407671251957,0.01694073044709266,-0.003818539951851528,GEÇERSİZ
bullish_engulfing,Yutan Boğa,Mum,AL,4765,59,38.44700944386149,-0.11986118171517385,-0.11966780785836574,0.0038533941313833695,0.30217137313985537,0.002571216067396217,0.0051797852320597335,GEÇERSİZ
three_outside_down,Üç Dışarıda Aşağı,Mum,SAT,2340,59,40.51282051282051,-0.1223412656578608,-0.12393364832786367,0.004949851251032634,0.2797913827889265,0.023282485839694302,-0.014014943151031167,GEÇERSİZ
rb_bull_reject_yapi,RB Boğa · ret + yapı stopu,Rejection Block,AL,1702,59,37.42655699177438,-0.12733599198271287,-0.11966780785836574,0.0065340946195189846,0.2674582089997566,0.019885334801181057,-0.0072775331546141905,GEÇERSİZ
morning_star,Sabah Yıldızı,Mum,AL,1187,58,40.01684919966302,-0.12434819781467263,-0.11966780785836574,0.005509406020611063,0.2101247174519636,0.03251727284413992,-0.021498460802917792,GEÇERSİZ
rb_bear_reject_yapi,RB Ayı · ret + yapı stopu,Rejection Block,SAT,1631,59,40.404659717964435,-0.11406712759994468,-0.12393364832786367,0.004320630309051558,0.18818105619253794,0.024893841570341486,-0.016962002030213894,GEÇERSİZ
top_reversal,Tepe Dönüş,Mum,SAT,2105,59,41.09263657957244,-0.11575037932650092,-0.12393364832786367,0.003275749183969666,0.181574505124878,0.011524108051154964,-0.00525703585104961,GEÇERSİZ
double_top,İkili Tepe,Grafik,SAT,419,58,41.05011933174224,-0.09601613969060886,-0.12393364832786367,0.005596740169506999,0.15271406803783022,0.07371913678196454,-0.06252565644295054,GEÇERSİZ
rb_bear_sweep,RB Ayı · likidite süpürmeli ret,Rejection Block,SAT,469,59,39.6588486140725,-0.12225265429873568,-0.12393364832786367,-0.000602300457279417,-0.018308266514453223,0.030909842172170097,-0.03320106869464098,GEÇERSİZ
rb_bull_touch,RB Boğa · ilk temas,Rejection Block,AL,2052,59,39.96101364522417,-0.13226408357601943,-0.11966780785836574,-0.0006463240088280015,-0.03783362136168665,-0.016232747265554653,0.015477562118820258,GEÇERSİZ
three_black_crows,Üç Kara Karga,Mum,SAT,146,48,42.465753424657535,-0.14150655827389083,-0.12393364832786367,-0.005795276567793776,-0.08581940110440957,0.010206689225237552,-0.023188717647175644,GEÇERSİZ
bullish_counter_attack,Boğa Karşı Saldırı,Mum,AL,17,14,35.294117647058826,-0.18937958078330258,-0.11966780785836574,-0.029910369551934025,-0.1559718170306822,-0.25648703175330073,0.19666629264943267,AZ ÖRNEK
three_inside_up,Üç İçeride Yukarı (Üç Yukarı Dönüş),Mum,AL,495,59,38.78787878787879,-0.12860834015563172,-0.11966780785836574,-0.010943013249613876,-0.27184909504576754,0.011634947848127821,-0.03429952473003633,GEÇERSİZ
rb_bull_reject,RB Boğa · ret kapanışı,Rejection Block,AL,1702,59,38.66039952996474,-0.1337113206089873,-0.11966780785836574,-0.0046206812276827535,-0.28209630897030513,-0.010582650053108638,0.001546872729654369,GEÇERSİZ
three_white_soldiers,Üç Beyaz Asker,Mum,AL,133,48,39.849624060150376,-0.09611833766558116,-0.11966780785836574,-0.030348485844746087,-0.3787086220594776,-0.16839434739236658,0.08645955084939431,GEÇERSİZ
rb_bear_trend,RB Ayı · trend yönünde ret,Rejection Block,SAT,556,57,41.906474820143885,-0.11458194437333823,-0.12393364832786367,-0.014330753248824742,-0.4250817850453511,-0.028575098923689812,-0.0005775919075757199,GEÇERSİZ
rb_bull_sweep,RB Boğa · likidite süpürmeli ret,Rejection Block,AL,494,59,38.25910931174089,-0.15090749311456922,-0.11966780785836574,-0.015928187903635357,-0.5319869002323152,0.0034597753334266617,-0.03598470159714779,GEÇERSİZ
dragonfly_doji,Yusufçuk Doji,Mum,AL,396,58,37.121212121212125,-0.14563352973138907,-0.11966780785836574,-0.01921376333990051,-0.5358564081453272,-0.04090678762509033,0.002479260945289329,GEÇERSİZ
rb_bull_trend_yapi,RB Boğa · trend + yapı stopu,Rejection Block,AL,525,58,37.142857142857146,-0.1273674727731416,-0.11966780785836574,-0.025941515263471382,-0.5646967858646033,-0.0627717925699212,0.010888762042978428,GEÇERSİZ
triple_top,Üçlü Tepe,Grafik,SAT,394,59,38.578680203045685,-0.16964722209932664,-0.12393364832786367,-0.02561225960985778,-0.5997476977954016,-0.05811177447818423,0.008007928184962694,GEÇERSİZ
rb_bull_sweep_yapi,RB Boğa · süpürme + yapı stopu,Rejection Block,AL,494,59,38.05668016194332,-0.16383666077445533,-0.11966780785836574,-0.028177316585114513,-0.6595505541590807,0.023030489018133156,-0.08115090858847418,GEÇERSİZ
rb_bull_trend,RB Boğa · trend yönünde ret,Rejection Block,AL,525,58,36.952380952380956,-0.13912211383326348,-0.11966780785836574,-0.021696925721560994,-0.7210197367551971,-0.043444177444905266,5.032600178327236e-05,GEÇERSİZ
dark_cloud_cover,Kara Bulut Örtüsü,Mum,SAT,917,59,36.968375136314066,-0.153932558568612,-0.12393364832786367,-0.020100733808079987,-0.8751235908765126,-0.04452577767119963,0.00516655294687136,GEÇERSİZ
rb_bear_sweep_yapi,RB Ayı · süpürme + yapı stopu,Rejection Block,SAT,469,59,39.23240938166311,-0.14189312475338292,-0.12393364832786367,-0.04641154833893942,-1.2194402803690225,-0.022217292860557826,-0.07144008848898935,GEÇERSİZ
head_shoulders,OBO (Omuz-Baş-Omuz),Grafik,SAT,56,33,39.285714285714285,-0.15776873634016889,-0.12393364832786367,-0.11203469224026386,-1.2864021041217213,0.024490746868773786,-0.25709297129361636,GEÇERSİZ
bullish_marubozu,Boğa Marubozu,Mum,AL,3497,58,36.63139834143551,-0.1389356010031617,-0.11966780785836574,-0.026447527117623545,-1.5097611571611151,0.010186331693383555,-0.06308138592863065,GEÇERSİZ
double_bottom,İkili Dip,Grafik,AL,517,59,35.5899419729207,-0.15529511316884334,-0.11966780785836574,-0.06084928510859622,-1.6908958727298435,-0.07324742269835552,-0.04802362553298315,GEÇERSİZ
bearish_marubozu,Ayı Marubozu,Mum,SAT,3447,59,39.65767333913548,-0.13559760917588995,-0.12393364832786367,-0.03088701815446379,-1.9727387950921083,-0.04698810105004532,-0.014230725503862215,GEÇERSİZ
ascending_triangle,Yükselen Üçgen kırılımı,Grafik,AL,631,58,34.23137876386688,-0.1855001390756151,-0.11966780785836574,-0.08622059551553418,-2.140499020031764,-0.07743551626110651,-0.09500567476996186,TERS
triple_bottom,Üçlü Dip,Grafik,AL,321,58,33.95638629283489,-0.22024902775827512,-0.11966780785836574,-0.10015800747217901,-2.1542488342642447,-0.14380043053232988,-0.05651558441202814,TERS
bear_flag,Ayı Bayrağı,Grafik,SAT,3275,59,34.01526717557252,-0.21510344941696424,-0.12393364832786367,-0.09752995847227071,-3.824336459787381,-0.11751547840852619,-0.07685528267614436,TERS
bull_flag,Boğa Bayrağı,Grafik,AL,3348,59,37.57467144563918,-0.1477533117413186,-0.11966780785836574,-0.07919589334163336,-4.127044394874517,-0.09030271426976132,-0.06770607858839753,TERS
