ticker,date,close,score,tech,news_pts,analyst_pts,rsi,atr_pct,patterns,limit,stop,target,target_pct,rr,signal,flags,sc_trend,sc_momentum,sc_candle,sc_volume,sc_setup
MSFT,2026-10-02,517.530029296875,72.4,62.0,1.33,9.04,62.7,2.24,,520.12,505.95,534.9,3.36,1.5,AL,,30.0,22.0,0.0,5.0,5.0
MRVL,2026-10-02,272.2900085449219,63.3,58.0,0.61,4.7,65.0,4.78,,273.65,259.28,291.8,7.16,1.5,AL,,30.0,18.0,0.0,5.0,5.0
ON,2026-10-02,84.88999938964844,61.3,56.0,0.7,4.6,65.5,4.26,Doji (kararsızlık),85.31,81.28,90.31,6.39,1.5,AL,,23.0,18.0,0.0,10.0,5.0
CSCO,2026-10-02,112.19999694824219,60.3,55.0,-0.15,5.41,58.2,2.35,,112.76,109.56,116.16,3.53,1.5,AL,,23.0,22.0,0.0,5.0,5.0
NVDA,2026-10-02,233.9499969482422,59.9,50.0,2.76,7.11,63.0,2.52,,235.12,228.05,242.8,3.78,1.5,İZLE,,22.0,18.0,0.0,5.0,5.0
ASML,2026-10-02,1867.31005859375,59.6,50.0,2.79,6.79,64.8,2.73,,1876.65,1816.3,1943.82,4.1,1.5,İZLE,,22.0,18.0,0.0,5.0,5.0
PLTR,2026-10-02,188.75,58.7,53.0,2.17,3.48,61.2,3.32,,189.69,182.48,198.16,4.99,1.5,İZLE,,30.0,13.0,0.0,5.0,5.0
SHOP,2026-10-02,151.38999938964844,56.7,50.0,0.76,5.94,61.1,4.25,,152.15,144.95,161.05,6.38,1.5,İZLE,,22.0,18.0,0.0,5.0,5.0
FTNT,2026-10-02,180.9499969482422,54.6,53.0,2.97,-1.32,64.2,3.49,,181.85,174.64,190.41,5.23,1.5,İZLE,,30.0,18.0,0.0,0.0,5.0
TEAM,2026-10-02,187.88999938964844,54.4,48.0,2.04,4.36,56.0,4.85,,188.83,178.77,201.57,7.28,1.5,İZLE,,30.0,13.0,0.0,0.0,5.0
META,2026-10-02,728.0800170898438,54.2,48.0,1.44,4.76,61.5,3.49,,731.72,702.65,766.22,5.24,1.5,İZLE,,30.0,8.0,0.0,5.0,5.0
ARM,2026-10-02,307.489990234375,52.8,50.0,1.55,1.28,58.5,6.19,Doji (kararsızlık),309.03,288.47,336.03,9.28,1.5,İZLE,,22.0,18.0,0.0,5.0,5.0
PANW,2026-10-02,403.239990234375,51.5,50.0,1.66,-0.13,62.6,4.28,Doji (kararsızlık),405.26,385.99,429.12,6.42,1.5,İZLE,,22.0,18.0,0.0,5.0,5.0
INTC,2026-10-02,119.33000183105469,51.2,48.0,1.63,1.59,60.6,5.15,,119.93,113.19,128.54,7.72,1.5,İZLE,,30.0,13.0,0.0,0.0,5.0
MAR,2026-10-02,358.9599914550781,48.8,46.0,0.44,2.36,60.3,2.02,Doji (kararsızlık),360.75,351.7,369.85,3.03,1.5,-,,23.0,13.0,0.0,5.0,5.0
GOOGL,2026-10-02,343.5,45.0,45.0,0.0,0.0,50.0,2.62,Boğa Harami,345.22,334.5,357.0,3.93,1.5,-,,15.0,16.0,4.0,5.0,5.0
GOOG,2026-10-02,340.3500061035156,45.0,45.0,0.0,0.0,50.1,2.59,Boğa Harami,342.05,331.55,353.55,3.88,1.5,-,,15.0,16.0,4.0,5.0,5.0
AMD,2026-10-02,633.9099731445312,45.0,45.0,0.0,0.0,70.1,3.82,,637.08,609.7,670.22,5.73,1.5,-,,30.0,5.0,0.0,5.0,5.0
AMGN,2026-10-02,403.0400085449219,45.0,45.0,0.0,0.0,47.8,2.56,,405.06,392.71,418.54,3.85,1.5,-,,22.0,13.0,0.0,5.0,5.0
CRWD,2026-10-02,270.0400085449219,45.0,45.0,0.0,0.0,68.7,4.24,Doji (kararsızlık),271.39,258.6,287.2,6.36,1.5,-,,30.0,5.0,0.0,5.0,5.0
FAST,2026-10-02,50.75,45.0,45.0,0.0,0.0,57.4,1.91,,51.0,49.78,52.2,2.87,1.5,-,,22.0,18.0,0.0,0.0,5.0
DDOG,2026-10-02,277.2200012207031,45.0,45.0,0.0,0.0,70.6,4.27,,278.61,265.37,294.99,6.41,1.5,-,,30.0,5.0,0.0,5.0,5.0
LIN,2026-10-02,479.4800109863281,44.0,44.0,0.0,0.0,56.4,1.72,,481.88,471.21,491.88,2.59,1.5,-,,16.0,18.0,0.0,5.0,5.0
HON,2026-10-02,213.99000549316406,44.0,44.0,0.0,0.0,52.7,2.03,,215.06,209.65,220.49,3.04,1.5,-,,16.0,18.0,0.0,5.0,5.0
AAPL,2026-10-02,333.69000244140625,43.0,43.0,0.0,0.0,54.7,2.11,,335.36,326.66,344.24,3.16,1.5,-,,22.0,11.0,0.0,5.0,5.0
TSLA,2026-10-02,370.5899963378906,43.0,43.0,0.0,0.0,55.0,3.36,,372.44,358.15,389.25,5.04,1.5,-,,15.0,13.0,0.0,10.0,5.0
KLAC,2026-10-02,206.88999938964844,43.0,43.0,0.0,0.0,67.2,3.69,,207.92,199.25,218.35,5.54,1.5,-,,15.0,18.0,0.0,5.0,5.0
MCHP,2026-10-02,81.31999969482422,43.0,43.0,0.0,0.0,63.4,3.5,Doji (kararsızlık),81.73,78.47,85.6,5.26,1.5,-,,15.0,18.0,0.0,5.0,5.0
MSTR,2026-10-02,160.00999450683594,43.0,43.0,0.0,0.0,62.6,5.83,,160.81,150.68,174.01,8.75,1.5,-,,30.0,8.0,0.0,0.0,5.0
TXN,2026-10-02,293.79998779296875,42.0,42.0,0.0,0.0,70.4,2.77,,295.27,285.66,306.02,4.16,1.5,-,,22.0,10.0,0.0,5.0,5.0
ADI,2026-10-02,417.1499938964844,40.0,40.0,0.0,0.0,72.3,2.71,,419.24,405.87,434.08,4.06,1.5,-,,30.0,10.0,0.0,5.0,-5.0
LRCX,2026-10-02,347.489990234375,40.0,40.0,0.0,0.0,67.8,3.98,,349.23,333.67,368.21,5.96,1.5,-,,22.0,18.0,0.0,5.0,-5.0
ZS,2026-10-02,196.60000610351562,40.0,40.0,0.0,0.0,54.6,4.79,,197.58,187.18,210.73,7.19,1.5,-,,22.0,8.0,0.0,5.0,5.0
CTSH,2026-10-02,58.5099983215332,38.0,38.0,0.0,0.0,48.2,4.16,,58.8,56.07,62.16,6.24,1.5,-,,15.0,13.0,0.0,5.0,5.0
CSX,2026-10-02,47.43000030517578,37.0,37.0,0.0,0.0,45.0,1.88,,47.67,46.54,48.77,2.82,1.5,-,,7.0,25.0,0.0,0.0,5.0
COST,2026-10-02,920.6500244140625,36.0,36.0,0.0,0.0,51.4,1.7,Doji (kararsızlık),925.25,905.0,944.13,2.55,1.5,-,,8.0,18.0,0.0,5.0,5.0
NXPI,2026-10-02,243.66000366210938,36.0,36.0,0.0,0.0,60.1,3.06,,244.88,236.21,254.84,4.59,1.5,-,,8.0,18.0,0.0,5.0,5.0
TMUS,2026-10-02,163.63999938964844,35.0,35.0,0.0,0.0,37.8,2.7,Yutan Boğa,164.46,159.22,170.26,4.05,1.5,-,,0.0,8.0,12.0,5.0,10.0
QCOM,2026-10-02,184.8699951171875,35.0,35.0,0.0,0.0,52.6,4.51,,185.79,176.53,197.38,6.77,1.5,-,,22.0,8.0,0.0,0.0,5.0
MDLZ,2026-10-02,58.189998626708984,35.0,35.0,0.0,0.0,34.4,1.97,Yutan Boğa,58.48,57.04,59.91,2.95,1.5,-,,0.0,13.0,12.0,0.0,10.0
SNPS,2026-10-02,489.8999938964844,35.0,35.0,0.0,0.0,74.1,3.89,,492.35,470.85,518.48,5.83,1.5,-,,30.0,10.0,0.0,0.0,-5.0
WDAY,2026-10-02,186.13999938964844,35.0,35.0,0.0,0.0,47.1,4.12,,187.07,178.47,197.64,6.18,1.5,-,,22.0,8.0,0.0,0.0,5.0
BIIB,2026-10-02,219.8800048828125,35.0,35.0,0.0,0.0,49.4,2.49,,220.98,214.41,228.08,3.73,1.5,-,,22.0,8.0,0.0,0.0,5.0
AMZN,2026-10-02,251.52000427246094,34.0,34.0,0.0,0.0,48.6,2.24,Doji (kararsızlık); Boğa Harami,252.78,245.89,259.97,3.36,1.5,-,,7.0,13.0,4.0,5.0,5.0
CDNS,2026-10-02,351.3500061035156,33.0,33.0,0.0,0.0,70.8,3.52,,353.11,338.98,369.91,5.28,1.5,-,,23.0,10.0,0.0,5.0,-5.0
ISRG,2026-10-02,391.95001220703125,30.0,30.0,0.0,0.0,51.2,2.87,,393.91,380.69,408.84,4.31,1.5,-,,7.0,13.0,0.0,5.0,5.0
MELI,2026-10-02,1696.56005859375,30.0,30.0,0.0,0.0,33.5,3.26,Doji (kararsızlık); Boğa Harami,1705.04,1641.29,1779.47,4.89,1.5,-,,0.0,16.0,4.0,0.0,10.0
ABNB,2026-10-02,162.42999267578125,30.0,30.0,0.0,0.0,46.1,3.27,,163.24,157.12,170.4,4.91,1.5,-,,7.0,13.0,0.0,5.0,5.0
MU,2026-10-02,1074.8900146484375,29.0,29.0,0.0,0.0,59.3,4.32,Kara Bulut Örtüsü; Ayı Marubozu,1080.26,1028.41,1144.62,6.49,1.5,-,,22.0,13.0,-16.0,5.0,5.0
GFS,2026-10-02,50.16999816894531,28.0,28.0,0.0,0.0,58.5,3.99,Kayan Yıldız,50.42,48.17,53.17,5.99,1.5,-,,8.0,18.0,-8.0,5.0,5.0
REGN,2026-10-02,735.2000122070312,27.0,27.0,0.0,0.0,34.9,2.94,,738.88,713.55,767.67,4.42,1.5,-,,14.0,8.0,0.0,0.0,5.0
AMAT,2026-10-02,540.0399780273438,25.0,25.0,0.0,0.0,69.2,3.62,,542.74,520.51,569.33,5.42,1.5,-,,15.0,10.0,0.0,5.0,-5.0
AVGO,2026-10-02,355.1400146484375,23.0,23.0,0.0,0.0,47.8,3.06,,356.92,344.27,371.44,4.59,1.5,-,,0.0,18.0,0.0,0.0,5.0
VRTX,2026-10-02,504.7300109863281,23.0,23.0,0.0,0.0,39.0,2.38,,507.25,492.73,522.73,3.57,1.5,-,,14.0,4.0,0.0,0.0,5.0
XEL,2026-10-02,71.4000015258789,23.0,23.0,0.0,0.0,41.6,1.83,Doji (kararsızlık); Sabah Yıldızı,71.76,70.09,73.37,2.75,1.5,-,,-8.0,14.0,12.0,0.0,5.0
CCEP,2026-10-02,101.05999755859375,22.0,22.0,0.0,0.0,42.8,2.03,,101.57,99.01,104.14,3.05,1.5,-,,7.0,10.0,0.0,0.0,5.0
ODFL,2026-10-02,180.47999572753906,20.0,20.0,0.0,0.0,45.2,2.91,Doji (kararsızlık),181.38,175.22,188.37,4.37,1.5,-,,-8.0,18.0,0.0,5.0,5.0
ADP,2026-10-02,257.67999267578125,19.0,19.0,0.0,0.0,38.2,2.3,,258.97,251.75,266.58,3.45,1.5,-,,14.0,0.0,0.0,0.0,5.0
CTAS,2026-10-02,193.02000427246094,19.0,19.0,0.0,0.0,40.3,2.05,,193.99,189.07,198.95,3.07,1.5,-,,14.0,0.0,0.0,0.0,5.0
KDP,2026-10-02,30.3700008392334,19.0,19.0,0.0,0.0,43.6,2.73,,30.52,29.54,31.61,4.1,1.5,-,,14.0,0.0,0.0,0.0,5.0
DXCM,2026-10-02,85.36000061035156,19.0,19.0,0.0,0.0,43.7,2.51,,85.79,83.22,88.57,3.76,1.5,-,,14.0,0.0,0.0,0.0,5.0
PYPL,2026-10-02,52.79999923706055,17.0,17.0,0.0,0.0,43.9,2.97,,53.06,51.23,55.15,4.46,1.5,-,,7.0,5.0,0.0,0.0,5.0
ROST,2026-10-02,228.5399932861328,17.0,17.0,0.0,0.0,43.3,2.21,,229.68,223.48,236.13,3.32,1.5,-,,7.0,5.0,0.0,0.0,5.0
FANG,2026-10-02,184.7100067138672,17.0,17.0,0.0,0.0,38.4,2.82,,185.63,179.5,192.53,4.23,1.5,-,,7.0,5.0,0.0,0.0,5.0
CDW,2026-10-02,133.2899932861328,17.0,17.0,0.0,0.0,41.6,4.45,,133.96,127.36,142.19,6.67,1.5,-,,7.0,5.0,0.0,0.0,5.0
IDXX,2026-10-02,518.3900146484375,15.0,15.0,0.0,0.0,44.7,2.47,,520.98,505.57,537.62,3.71,1.5,-,,0.0,5.0,0.0,5.0,5.0
MDB,2026-10-02,357.9599914550781,15.0,15.0,0.0,0.0,43.5,7.53,Çekiç,359.75,330.99,398.41,11.3,1.5,-,,7.0,5.0,8.0,5.0,-10.0
PEP,2026-10-02,125.88999938964844,13.0,13.0,0.0,0.0,26.1,1.76,Doji (kararsızlık),126.52,123.68,129.21,2.64,1.5,-,,-8.0,16.0,0.0,0.0,5.0
DASH,2026-10-02,189.14999389648438,12.0,12.0,0.0,0.0,43.4,4.24,,190.1,181.13,201.18,6.36,1.5,-,,-1.0,8.0,0.0,0.0,5.0
WBD,2026-10-02,30.940000534057617,12.0,12.0,0.0,0.0,75.1,1.08,,31.09,30.61,31.44,1.62,1.5,-,,30.0,-3.0,0.0,5.0,-20.0
BKNG,2026-10-02,159.02000427246094,11.0,11.0,0.0,0.0,30.5,3.77,,159.82,153.02,168.02,5.66,1.5,-,,-8.0,14.0,0.0,0.0,5.0
SBUX,2026-10-02,94.70999908447266,11.0,11.0,0.0,0.0,35.1,2.14,,95.18,92.68,97.76,3.22,1.5,-,,-8.0,14.0,0.0,0.0,5.0
TTWO,2026-10-02,202.72999572753906,11.0,11.0,0.0,0.0,37.2,3.22,,203.74,196.2,212.53,4.83,1.5,-,,-8.0,14.0,0.0,0.0,5.0
APP,2026-10-02,268.2200012207031,11.0,11.0,0.0,0.0,28.4,5.84,Ters Çekiç,269.56,252.57,291.7,8.75,1.5,-,,0.0,0.0,6.0,-5.0,10.0
ADBE,2026-10-02,237.69000244140625,10.0,10.0,0.0,0.0,41.0,3.86,,238.88,228.53,251.44,5.78,1.5,-,,0.0,5.0,0.0,0.0,5.0
INTU,2026-10-02,281.0799865722656,10.0,10.0,0.0,0.0,37.1,4.48,,282.49,268.5,299.95,6.71,1.5,-,,0.0,5.0,0.0,0.0,5.0
CEG,2026-10-02,257.489990234375,10.0,10.0,0.0,0.0,42.1,4.11,,258.78,246.9,273.37,6.17,1.5,-,,0.0,5.0,0.0,0.0,5.0
ORLY,2026-10-02,84.9000015258789,10.0,10.0,0.0,0.0,42.9,2.11,,85.32,83.11,87.58,3.16,1.5,-,,0.0,5.0,0.0,0.0,5.0
ADSK,2026-10-02,212.0,10.0,10.0,0.0,0.0,42.2,3.74,,213.06,204.06,223.91,5.62,1.5,-,,0.0,5.0,0.0,0.0,5.0
TTD,2026-10-02,11.949999809265137,10.0,10.0,0.0,0.0,29.6,4.78,,12.01,11.38,12.81,7.17,1.5,-,,0.0,5.0,0.0,0.0,5.0
BKR,2026-10-02,56.0,10.0,10.0,0.0,0.0,37.6,2.83,,56.28,54.42,58.37,4.24,1.5,-,,0.0,5.0,0.0,0.0,5.0
EXC,2026-10-02,40.72999954223633,10.0,10.0,0.0,0.0,33.3,1.74,,40.93,40.02,41.79,2.61,1.5,-,,-8.0,13.0,0.0,0.0,5.0
GEHC,2026-10-02,64.29000091552734,10.0,10.0,0.0,0.0,37.5,2.28,,64.61,62.82,66.49,3.42,1.5,-,,0.0,5.0,0.0,0.0,5.0
CSGP,2026-10-02,27.3799991607666,10.0,10.0,0.0,0.0,36.6,4.05,,27.52,26.27,29.04,6.08,1.5,-,,0.0,5.0,0.0,0.0,5.0
MNST,2026-10-02,42.939998626708984,9.0,9.0,0.0,0.0,42.9,2.34,,43.15,41.93,44.45,3.51,1.5,-,,-1.0,5.0,0.0,0.0,5.0
AEP,2026-10-02,119.56999969482422,6.0,6.0,0.0,0.0,42.1,1.69,,120.17,117.55,122.6,2.53,1.5,-,,-8.0,14.0,0.0,-5.0,5.0
PDD,2026-10-02,75.37999725341797,5.0,5.0,0.0,0.0,33.4,2.4,,75.76,73.57,78.1,3.6,1.5,-,,0.0,0.0,0.0,0.0,5.0
PCAR,2026-10-02,109.68000030517578,5.0,5.0,0.0,0.0,21.9,2.44,,110.23,107.01,113.69,3.66,1.5,-,,-8.0,8.0,0.0,0.0,5.0
VRSK,2026-10-02,163.8800048828125,5.0,5.0,0.0,0.0,33.5,3.3,,164.7,158.48,171.98,4.95,1.5,-,,0.0,0.0,0.0,0.0,5.0
LULU,2026-10-02,94.45999908447266,5.0,5.0,0.0,0.0,34.0,4.26,,94.93,90.43,100.5,6.4,1.5,-,,-8.0,8.0,0.0,0.0,5.0
AZN,2026-10-02,156.89999389648438,5.0,5.0,0.0,0.0,37.9,2.1,,157.68,153.61,161.84,3.15,1.5,-,,0.0,0.0,0.0,0.0,5.0
CMCSA,2026-10-02,21.56999969482422,2.0,2.0,0.0,0.0,27.1,2.98,,21.68,20.93,22.53,4.47,1.5,-,,-8.0,5.0,0.0,0.0,5.0
ROP,2026-10-02,354.32000732421875,2.0,2.0,0.0,0.0,35.4,2.78,,356.09,344.47,369.1,4.17,1.5,-,,-8.0,5.0,0.0,0.0,5.0
CHTR,2026-10-02,109.29000091552734,2.0,2.0,0.0,0.0,28.4,5.4,,109.84,103.39,118.14,8.1,1.5,-,,-8.0,5.0,0.0,0.0,5.0
CPRT,2026-10-02,27.219999313354492,2.0,2.0,0.0,0.0,31.1,3.12,,27.36,26.37,28.5,4.69,1.5,-,,-8.0,5.0,0.0,0.0,5.0
PAYX,2026-10-02,98.94000244140625,2.0,2.0,0.0,0.0,25.3,3.08,,99.43,95.89,103.52,4.62,1.5,-,,-8.0,5.0,0.0,0.0,5.0
AXON,2026-10-02,413.3500061035156,2.0,2.0,0.0,0.0,31.3,5.45,,415.42,390.8,447.17,8.18,1.5,-,,-8.0,5.0,0.0,0.0,5.0
NFLX,2026-10-02,67.05999755859375,0.0,0.0,0.0,0.0,31.1,2.95,,67.4,65.08,70.03,4.42,1.5,-,,-8.0,0.0,0.0,0.0,5.0
GILD,2026-10-02,144.74000549316406,0.0,0.0,0.0,0.0,44.5,2.38,Üç Kara Karga,145.46,141.3,149.9,3.57,1.5,-,,6.0,0.0,-12.0,0.0,5.0
KHC,2026-10-02,22.190000534057617,0.0,0.0,0.0,0.0,24.4,2.73,,22.3,21.58,23.1,4.09,1.5,-,,-8.0,0.0,0.0,0.0,5.0
